default,account_check_status,duration_in_month,credit_history,purpose,credit_amount,savings_account/bonds,present_emp_since,installment_as_income_perc,personal_status_sex,other_debtors,present_res_since,property,age,other_installment_plans,housing,credits_this_bank,job,people_under_maintenance,telephone,foreign_worker
0,1,6,4,domestic appliances,1169,5,5,4,3,1,4,1,67,3,own,2,skilled employee / official,1,2,1
1,2,48,2,domestic appliances,5951,1,3,2,2,1,2,1,22,3,own,1,skilled employee / official,1,1,1
0,4,12,4,(vacation - does not exist?),2096,1,4,2,3,1,3,1,49,3,own,1,unskilled - resident,2,1,1
0,1,42,2,radio/television,7882,1,4,2,3,0,4,2,45,3,for free,1,skilled employee / official,2,1,1
1,1,24,3,car (new),4870,1,3,3,3,1,4,4,53,3,for free,2,skilled employee / official,2,1,1
0,4,36,2,(vacation - does not exist?),9055,5,3,2,3,1,4,4,35,3,for free,1,unskilled - resident,2,2,1
0,4,24,2,radio/television,2835,3,5,3,3,1,4,2,53,3,own,1,skilled employee / official,1,1,1
0,2,36,2,car (used),6948,1,3,2,3,1,2,3,35,3,rent,1,management/ self-employed/ highly qualified employee/ officer,1,2,1
0,4,12,2,domestic appliances,3059,4,4,2,1,1,4,1,61,3,own,1,unskilled - resident,1,1,1
1,2,30,4,car (new),5234,1,1,4,4,1,2,3,28,3,own,2,management/ self-employed/ highly qualified employee/ officer,1,1,1
1,2,12,2,car (new),1295,1,2,3,2,1,1,3,25,3,rent,1,skilled employee / official,1,1,1
1,1,48,2,business,4308,1,2,3,2,1,4,2,24,3,rent,1,skilled employee / official,1,1,1
0,2,12,2,domestic appliances,1567,1,3,1,2,1,1,3,22,3,own,1,skilled employee / official,1,2,1
1,1,24,4,car (new),1199,1,5,4,3,1,4,3,60,3,own,2,unskilled - resident,1,1,1
0,1,15,2,car (new),1403,1,3,2,2,1,4,3,28,3,rent,1,skilled employee / official,1,1,1
1,1,24,2,domestic appliances,1282,2,3,4,2,1,2,3,32,3,own,1,unskilled - resident,1,1,1
0,4,24,4,domestic appliances,2424,5,5,4,3,1,4,2,53,3,own,2,skilled employee / official,1,1,1
0,1,30,0,business,8072,5,2,2,3,1,3,3,25,1,own,3,skilled employee / official,1,1,1
1,2,24,2,car (used),12579,1,5,4,2,1,2,4,44,3,for free,1,management/ self-employed/ highly qualified employee/ officer,1,2,1
0,4,24,2,domestic appliances,3430,3,5,3,3,1,2,3,31,3,own,1,skilled employee / official,2,2,1
0,4,9,4,car (new),2134,1,3,4,3,1,4,3,48,3,own,3,skilled employee / official,1,2,1
0,1,6,2,domestic appliances,2647,3,3,2,3,1,3,1,44,3,rent,1,skilled employee / official,2,1,1
0,1,10,4,car (new),2241,1,2,1,3,1,3,1,48,3,rent,2,unskilled - resident,2,1,2
0,2,12,4,car (used),1804,2,2,3,3,1,4,2,44,3,own,1,skilled employee / official,1,1,1
0,4,10,4,radio/television,2069,5,3,2,4,1,1,3,26,3,own,2,skilled employee / official,1,1,2
0,1,6,2,radio/television,1374,1,3,1,3,1,2,1,36,1,own,1,unskilled - resident,1,2,1
0,4,6,0,domestic appliances,426,1,5,4,4,1,4,3,39,3,own,1,unskilled - resident,1,1,1
0,3,12,1,domestic appliances,409,4,3,3,2,1,3,1,42,3,rent,2,skilled employee / official,1,1,1
0,2,7,2,domestic appliances,2415,1,3,3,3,0,2,1,34,3,own,1,skilled employee / official,1,1,1
1,1,60,3,business,6836,1,5,3,3,1,4,4,63,3,own,2,skilled employee / official,1,2,1
0,2,18,2,business,1913,4,2,3,4,1,3,1,36,1,own,1,skilled employee / official,1,2,1
0,1,24,2,radio/television,4020,1,3,2,3,1,2,3,27,2,own,1,skilled employee / official,1,1,1
0,2,18,2,car (new),5866,2,3,2,3,1,2,3,30,3,own,2,skilled employee / official,1,2,1
0,4,12,4,business,1264,5,5,4,3,1,4,4,57,3,rent,1,unskilled - resident,1,1,1
0,3,12,2,radio/television,1474,1,2,4,2,1,1,2,33,1,own,1,management/ self-employed/ highly qualified employee/ officer,1,2,1
1,2,45,4,domestic appliances,4746,1,2,4,3,1,2,2,25,3,own,2,unskilled - resident,1,1,1
0,4,48,4,(vacation - does not exist?),6110,1,3,1,3,1,3,4,31,1,for free,1,skilled employee / official,1,2,1
1,3,18,2,domestic appliances,2100,1,3,4,3,0,2,1,37,2,own,1,skilled employee / official,1,1,1
0,3,10,2,repairs,1225,1,3,2,3,1,2,3,37,3,own,1,skilled employee / official,1,2,1
0,2,9,2,domestic appliances,458,1,3,4,3,1,3,1,24,3,own,1,skilled employee / official,1,1,1
0,4,30,2,domestic appliances,2333,3,5,4,3,1,2,3,30,1,own,1,management/ self-employed/ highly qualified employee/ officer,1,1,1
0,2,12,2,domestic appliances,1158,3,3,3,1,1,1,3,26,3,own,1,skilled employee / official,1,2,1
0,2,18,3,education,6204,1,3,2,3,1,4,1,44,3,own,1,unskilled - resident,2,2,1
0,1,30,4,car (used),6187,2,4,1,4,1,4,3,24,3,rent,2,skilled employee / official,1,1,1
1,1,48,4,car (used),6143,1,5,4,2,1,4,4,58,2,for free,2,unskilled - resident,1,1,1
0,4,11,4,car (new),1393,1,2,4,2,1,4,3,35,3,own,2,management/ self-employed/ highly qualified employee/ officer,1,1,1
0,4,36,2,domestic appliances,2299,3,5,4,3,1,4,3,39,3,own,1,skilled employee / official,1,1,1
0,1,6,2,car (used),1352,3,1,1,2,1,2,2,23,3,rent,1,unemployed/ unskilled - non-resident,1,2,1
0,4,11,4,car (new),7228,1,3,1,3,1,4,2,39,3,own,2,unskilled - resident,1,1,1
0,4,12,2,domestic appliances,2073,2,3,4,2,0,2,1,28,3,own,1,skilled employee / official,1,1,1
0,2,24,3,radio/television,2333,5,2,4,3,1,2,2,29,1,own,1,unskilled - resident,1,1,1
0,2,27,3,car (used),5965,1,5,1,3,1,2,3,30,3,own,2,management/ self-employed/ highly qualified employee/ officer,1,2,1
0,4,12,2,domestic appliances,1262,1,3,3,3,1,2,3,25,3,own,1,skilled employee / official,1,1,1
0,4,18,2,car (used),3378,5,3,2,3,1,1,2,31,3,own,1,skilled employee / official,1,2,1
1,2,36,3,car (new),2225,1,5,4,3,1,4,4,57,1,for free,2,skilled employee / official,1,2,1
0,4,6,1,car (new),783,5,3,1,3,0,2,1,26,2,own,1,unskilled - resident,2,1,1
1,2,12,2,domestic appliances,6468,5,1,2,3,1,1,4,52,3,own,1,management/ self-employed/ highly qualified employee/ officer,1,2,1
0,4,36,4,domestic appliances,9566,1,3,2,2,1,2,3,31,2,own,2,skilled employee / official,1,1,1
0,3,18,2,car (new),1961,1,5,3,2,1,2,3,23,3,own,1,management/ self-employed/ highly qualified employee/ officer,1,1,1
1,1,36,4,radio/television,6229,1,2,4,2,0,4,4,23,3,rent,2,unskilled - resident,1,2,1
0,2,9,2,business,1391,1,3,2,4,1,1,1,27,1,own,1,skilled employee / official,1,2,1
0,2,15,4,domestic appliances,1537,5,5,4,3,0,4,1,50,3,own,2,skilled employee / official,1,2,1
1,2,36,0,business,1953,1,5,4,3,1,4,4,61,3,for free,1,management/ self-employed/ highly qualified employee/ officer,1,2,1
1,2,48,0,business,14421,1,3,2,3,1,2,3,25,3,own,1,skilled employee / official,1,2,1
0,4,24,2,domestic appliances,3181,1,2,4,2,1,4,2,26,3,own,1,skilled employee / official,1,2,1
0,4,27,2,education,5190,5,5,4,3,1,4,2,48,3,own,4,skilled employee / official,2,2,1
0,4,12,2,domestic appliances,2171,1,2,2,2,1,2,3,29,1,own,1,skilled employee / official,1,1,1
0,2,12,2,car (new),1007,4,3,4,4,1,1,1,22,3,own,1,skilled employee / official,1,1,1
1,4,36,2,(vacation - does not exist?),1819,1,3,4,3,1,4,4,37,2,for free,1,skilled employee / official,1,2,1
0,4,36,2,domestic appliances,2394,5,3,4,2,1,4,3,25,3,own,1,skilled employee / official,1,1,1
0,4,36,2,car (used),8133,1,3,1,2,1,2,2,30,1,own,1,skilled employee / official,1,1,1
0,4,7,4,domestic appliances,730,5,5,4,3,1,2,2,46,3,rent,2,unskilled - resident,1,2,1
0,1,8,4,furniture/equipment,1164,1,5,3,3,1,4,4,51,1,for free,2,management/ self-employed/ highly qualified employee/ officer,2,2,1
0,2,42,4,business,5954,1,4,2,2,1,1,1,41,1,own,2,unskilled - resident,1,1,1
1,1,36,2,(vacation - does not exist?),1977,5,5,4,3,1,4,4,40,3,own,1,management/ self-employed/ highly qualified employee/ officer,1,2,1
0,1,12,4,car (used),1526,1,5,4,3,1,4,4,66,3,for free,2,management/ self-employed/ highly qualified employee/ officer,1,1,1
1,1,42,2,domestic appliances,3965,1,2,4,3,1,3,3,34,3,own,1,skilled employee / official,1,1,1
0,2,11,3,domestic appliances,4771,1,4,2,3,1,4,2,51,3,own,1,skilled employee / official,1,1,1
0,4,54,0,car (used),9436,5,3,2,3,1,2,2,39,3,own,1,unskilled - resident,2,1,1
0,2,30,2,radio/television,3832,1,2,2,4,1,1,2,22,3,own,1,skilled employee / official,1,1,1
1,4,24,2,domestic appliances,5943,5,2,1,2,1,1,3,44,3,own,2,skilled employee / official,1,2,1
0,4,15,2,domestic appliances,1213,3,5,4,3,1,3,2,47,2,own,1,skilled employee / official,1,2,1
0,4,18,2,business,1568,2,3,3,2,1,4,2,24,3,rent,1,unskilled - resident,1,1,1
0,1,24,2,furniture/equipment,1755,1,5,4,2,0,4,1,58,3,own,1,unskilled - resident,1,2,1
0,1,10,2,domestic appliances,2315,1,5,3,3,1,4,1,52,3,own,1,unskilled - resident,1,1,1
0,4,12,4,business,1412,1,3,4,2,0,2,1,29,3,own,2,management/ self-employed/ highly qualified employee/ officer,1,2,1
0,2,18,4,radio/television,1295,1,2,4,2,1,1,2,27,3,own,2,skilled employee / official,1,1,1
1,2,36,2,(vacation - does not exist?),12612,2,3,1,3,1,4,4,47,3,for free,1,skilled employee / official,2,2,1
0,1,18,2,car (new),2249,2,4,4,3,1,3,3,30,3,own,1,management/ self-employed/ highly qualified employee/ officer,2,2,1
1,1,12,0,education,1108,1,4,4,3,1,3,1,28,3,own,2,skilled employee / official,1,1,1
0,4,12,4,domestic appliances,618,1,5,4,3,1,4,1,56,3,own,1,skilled employee / official,1,1,1
0,1,12,4,car (used),1409,1,5,4,3,1,3,1,54,3,own,1,skilled employee / official,1,1,1
1,4,12,4,domestic appliances,797,5,5,4,2,1,3,2,33,1,own,1,unskilled - resident,2,1,1
0,3,24,4,radio/television,3617,5,5,4,3,0,4,4,20,3,rent,2,skilled employee / official,1,1,1
0,2,12,2,car (new),1318,4,5,4,3,1,4,1,54,3,own,1,skilled employee / official,1,2,1
1,2,54,0,business,15945,1,2,3,3,1,4,4,58,3,rent,1,skilled employee / official,1,2,1
0,4,12,4,(vacation - does not exist?),2012,5,4,4,2,1,2,3,61,3,own,1,skilled employee / official,1,1,1
0,2,18,2,business,2622,2,3,4,3,1,4,3,34,3,own,1,skilled employee / official,1,1,1
0,2,36,4,domestic appliances,2337,1,5,4,3,1,4,1,36,3,own,1,skilled employee / official,1,1,1
0,2,20,3,car (used),7057,5,4,3,3,1,4,2,36,1,rent,2,management/ self-employed/ highly qualified employee/ officer,2,2,1
0,4,24,2,car (new),1469,2,5,4,4,1,4,1,41,3,rent,1,unskilled - resident,1,1,1
0,2,36,2,domestic appliances,2323,1,4,4,3,1,4,3,24,3,rent,1,skilled employee / official,1,1,1
0,4,6,3,domestic appliances,932,1,3,3,2,1,2,1,24,3,own,1,skilled employee / official,1,1,1
0,2,9,4,radio/television,1919,1,4,4,3,1,3,3,35,3,rent,1,skilled employee / official,1,2,1
0,4,12,2,car (used),2445,5,2,2,4,1,4,3,26,3,rent,1,skilled employee / official,1,2,1
1,2,24,4,furniture/equipment,11938,1,3,2,3,0,3,3,39,3,own,2,management/ self-employed/ highly qualified employee/ officer,2,2,1
1,4,18,1,car (new),6458,1,5,2,3,1,4,4,39,1,own,2,management/ self-employed/ highly qualified employee/ officer,2,2,1
0,2,12,2,car (new),6078,1,4,2,3,1,2,3,32,3,own,1,skilled employee / official,1,1,1
0,1,24,2,radio/television,7721,5,2,1,2,1,2,2,30,3,own,1,skilled employee / official,1,2,2
0,2,14,2,business,1410,3,5,1,4,1,2,1,35,3,own,1,skilled employee / official,1,2,1
0,2,6,3,business,1449,2,5,1,1,1,2,3,31,1,own,2,skilled employee / official,2,1,1
0,3,15,2,(vacation - does not exist?),392,1,2,4,2,1,4,2,23,3,rent,1,skilled employee / official,1,2,1
0,2,18,2,car (new),6260,1,4,3,3,1,3,1,28,3,rent,1,unskilled - resident,1,1,1
1,4,36,4,car (new),7855,1,3,4,2,1,2,1,25,2,own,2,skilled employee / official,1,2,1
0,1,12,2,domestic appliances,1680,3,5,3,4,1,1,1,35,3,own,1,skilled employee / official,1,1,1
0,4,48,4,domestic appliances,3578,5,5,4,3,1,1,1,47,3,own,1,skilled employee / official,1,2,1
1,1,42,2,domestic appliances,7174,5,4,4,2,1,3,3,30,3,own,1,management/ self-employed/ highly qualified employee/ officer,1,2,1
0,1,10,4,radio/television,2132,5,2,2,2,0,3,1,27,3,rent,2,skilled employee / official,1,1,2
1,1,33,4,radio/television,4281,3,3,1,2,1,4,3,23,3,own,2,skilled employee / official,1,1,1
0,2,12,4,car (new),2366,3,4,3,1,1,3,3,36,3,own,1,management/ self-employed/ highly qualified employee/ officer,1,2,1
1,1,21,2,domestic appliances,1835,1,3,3,2,1,2,1,25,3,own,2,skilled employee / official,1,2,1
0,4,24,4,car (used),3868,1,5,4,2,1,2,3,41,3,rent,2,management/ self-employed/ highly qualified employee/ officer,1,2,1
0,4,12,2,radio/television,1768,1,3,3,3,1,2,1,24,3,rent,1,unskilled - resident,1,1,1
0,3,10,4,car (new),781,1,5,4,3,1,4,4,63,3,for free,2,skilled employee / official,1,2,1
1,2,18,2,radio/television,1924,5,2,4,2,1,3,1,27,3,rent,1,skilled employee / official,1,1,1
0,1,12,4,car (new),2121,1,3,4,3,1,2,2,30,3,own,2,skilled employee / official,1,1,1
0,1,12,2,domestic appliances,701,1,3,4,4,1,2,1,40,3,own,1,unskilled - resident,1,1,1
1,2,12,2,education,639,1,3,4,3,1,2,3,30,3,own,1,skilled employee / official,1,1,1
0,2,12,4,car (used),1860,1,1,4,3,1,2,3,34,3,own,2,management/ self-employed/ highly qualified employee/ officer,1,2,1
1,1,12,4,car (new),3499,1,3,3,2,0,2,1,29,3,own,2,skilled employee / official,1,1,1
0,2,48,2,car (new),8487,5,4,1,2,1,2,3,24,3,own,1,skilled employee / official,1,1,1
1,1,36,3,(vacation - does not exist?),6887,1,3,4,3,1,3,2,29,2,own,1,skilled employee / official,1,2,1
0,4,15,2,radio/television,2708,1,2,2,3,1,3,2,27,1,own,2,unskilled - resident,1,1,1
0,4,18,2,radio/television,1984,1,3,4,3,1,4,4,47,1,for free,2,skilled employee / official,1,1,1
0,4,60,2,domestic appliances,10144,2,4,2,2,1,4,1,21,3,own,1,skilled employee / official,1,2,1
0,4,12,4,domestic appliances,1240,5,5,4,2,1,2,1,38,3,own,2,skilled employee / official,1,2,1
0,4,27,3,car (used),8613,4,3,2,3,1,2,3,27,3,own,2,skilled employee / official,1,1,1
1,2,12,2,domestic appliances,766,3,3,4,3,1,3,1,66,3,own,1,unskilled - resident,1,1,1
0,2,15,4,domestic appliances,2728,5,4,4,3,0,2,1,35,1,own,3,skilled employee / official,1,2,1
0,3,12,2,domestic appliances,1881,1,3,2,2,1,2,3,44,3,rent,1,unskilled - resident,1,2,1
0,3,6,2,car (new),709,4,2,2,4,1,2,1,27,3,own,1,unemployed/ unskilled - non-resident,1,1,2
0,2,36,2,domestic appliances,4795,1,2,4,2,1,1,4,30,3,own,1,management/ self-employed/ highly qualified employee/ officer,1,2,1
0,1,27,2,domestic appliances,3416,1,3,3,3,1,2,3,27,3,own,1,management/ self-employed/ highly qualified employee/ officer,1,1,1
1,1,18,2,radio/television,2462,1,3,2,3,1,2,3,22,3,own,1,skilled employee / official,1,1,1
0,4,21,4,radio/television,2288,1,2,4,2,1,4,2,23,3,own,1,skilled employee / official,1,2,1
0,2,48,1,business,3566,2,4,4,3,1,2,3,30,3,own,1,skilled employee / official,1,1,1
0,1,6,4,car (new),860,1,5,1,2,1,4,4,39,3,own,2,skilled employee / official,1,2,1
0,4,12,4,car (new),682,2,4,4,2,1,3,3,51,3,own,2,skilled employee / official,1,2,1
0,1,36,4,radio/television,5371,1,3,3,3,0,2,2,28,3,own,2,skilled employee / official,1,1,1
0,4,18,4,domestic appliances,1582,4,5,4,3,1,4,3,46,3,own,2,skilled employee / official,1,1,1
0,4,6,2,domestic appliances,1346,2,5,2,3,1,4,4,42,1,for free,1,skilled employee / official,2,2,1
0,4,10,2,domestic appliances,1924,1,3,1,3,1,4,2,38,3,own,1,skilled employee / official,1,2,2
0,3,36,2,domestic appliances,5848,1,3,4,3,1,1,3,24,3,own,1,skilled employee / official,1,1,1
0,2,24,4,car (used),7758,4,5,2,2,1,4,4,29,3,rent,1,skilled employee / official,1,1,1
0,2,24,3,business,6967,2,4,4,3,1,4,3,36,3,rent,1,management/ self-employed/ highly qualified employee/ officer,1,2,1
1,1,12,2,radio/television,1282,1,3,2,2,1,4,3,20,3,rent,1,skilled employee / official,1,1,1
0,1,9,4,education,1288,2,5,3,3,0,4,1,48,3,own,2,skilled employee / official,2,1,2
0,1,12,1,retraining,339,1,5,4,4,1,1,3,45,1,own,1,unskilled - resident,1,1,1
0,2,24,2,car (new),3512,2,4,2,3,1,3,3,38,1,own,2,skilled employee / official,1,2,1
0,4,6,4,domestic appliances,1898,5,3,1,3,1,2,1,34,3,own,2,unskilled - resident,2,1,1
0,4,24,4,domestic appliances,2872,2,5,3,3,1,4,1,36,3,own,1,skilled employee / official,2,2,1
0,4,18,4,car (new),1055,1,2,4,2,1,1,2,30,3,own,2,skilled employee / official,1,1,1
0,4,15,2,repairs,1262,3,4,4,3,1,3,2,36,3,own,2,skilled employee / official,1,2,1
0,2,10,2,car (new),7308,1,1,2,3,1,4,4,70,1,for free,1,management/ self-employed/ highly qualified employee/ officer,1,2,1
0,4,36,2,car (new),909,3,5,4,3,1,4,2,36,3,own,1,skilled employee / official,1,1,1
0,4,6,2,radio/television,2978,3,3,1,3,1,2,3,32,3,own,1,skilled employee / official,1,2,1
1,1,18,2,radio/television,1131,1,1,4,2,1,2,3,33,3,own,1,skilled employee / official,1,1,1
0,2,11,2,radio/television,1577,4,2,4,2,1,1,1,20,3,own,1,skilled employee / official,1,1,1
0,4,24,2,radio/television,3972,1,4,2,2,1,4,2,25,3,rent,1,skilled employee / official,1,2,1
1,2,24,4,business,1935,1,5,4,1,1,4,1,31,3,own,2,skilled employee / official,1,2,1
1,1,15,0,car (new),950,1,5,4,3,1,3,3,33,3,rent,2,skilled employee / official,2,1,1
0,4,12,2,radio/television,763,1,3,4,2,1,1,1,26,3,own,1,skilled employee / official,1,2,1
1,2,24,3,radio/television,2064,1,1,3,2,1,2,2,34,3,own,1,management/ self-employed/ highly qualified employee/ officer,1,2,1
0,2,8,2,domestic appliances,1414,1,3,4,3,0,2,1,33,3,own,1,skilled employee / official,1,1,2
1,1,21,3,(vacation - does not exist?),3414,1,2,2,3,1,1,2,26,3,own,2,skilled employee / official,1,1,1
1,4,30,1,car (used),7485,5,1,4,2,1,1,1,53,1,own,1,management/ self-employed/ highly qualified employee/ officer,1,2,1
0,1,12,2,radio/television,2577,1,3,2,1,1,1,3,42,3,own,1,skilled employee / official,1,1,1
0,1,6,4,domestic appliances,338,3,5,4,3,1,4,3,52,3,own,2,skilled employee / official,1,1,1
0,4,12,2,domestic appliances,1963,1,4,4,3,1,2,3,31,3,rent,2,management/ self-employed/ highly qualified employee/ officer,2,2,1
0,1,21,4,car (new),571,1,5,4,3,1,4,1,65,3,own,2,skilled employee / official,1,1,1
1,4,36,3,business,9572,1,2,1,1,1,1,3,28,3,own,2,skilled employee / official,1,1,1
1,2,36,3,business,4455,1,3,2,1,1,2,1,30,2,own,2,management/ self-employed/ highly qualified employee/ officer,1,2,1
1,1,21,1,car (new),1647,5,3,4,3,1,2,2,40,3,own,2,unskilled - resident,2,1,1
0,4,24,4,radio/television,3777,4,3,4,3,1,4,1,50,3,own,1,skilled employee / official,1,2,1
1,2,18,4,car (new),884,1,5,4,3,1,4,3,36,1,own,1,skilled employee / official,2,2,1
0,4,15,4,domestic appliances,1360,1,3,4,3,1,2,2,31,3,own,2,skilled employee / official,1,1,1
1,2,9,1,car (used),5129,1,5,2,2,1,4,4,74,1,for free,1,management/ self-employed/ highly qualified employee/ officer,2,2,1
0,2,16,4,car (new),1175,1,1,2,3,1,3,3,68,3,for free,3,unemployed/ unskilled - non-resident,1,2,1
1,1,12,2,domestic appliances,674,2,4,4,4,1,1,2,20,3,own,1,skilled employee / official,1,1,1
0,2,18,0,radio/television,3244,1,3,1,2,1,4,3,33,1,own,2,skilled employee / official,1,2,1
1,4,24,2,business,4591,4,3,2,3,1,3,2,54,3,own,3,management/ self-employed/ highly qualified employee/ officer,1,2,1
1,2,48,0,business,3844,2,4,4,3,1,4,4,34,3,for free,1,unskilled - resident,2,1,1
1,2,27,2,business,3915,1,3,4,3,1,2,3,36,3,own,1,skilled employee / official,2,2,1
0,4,6,2,domestic appliances,2108,1,4,2,4,1,2,1,29,3,rent,1,skilled employee / official,1,1,1
1,2,45,2,domestic appliances,3031,2,3,4,3,0,4,2,21,3,rent,1,skilled employee / official,1,1,1
1,2,9,4,(vacation - does not exist?),1501,1,5,2,2,1,3,3,34,3,own,2,management/ self-employed/ highly qualified employee/ officer,1,2,1
0,4,6,4,domestic appliances,1382,1,3,1,2,1,1,3,28,3,own,2,skilled employee / official,1,2,1
1,2,12,2,radio/television,951,2,2,4,2,1,4,3,27,1,rent,4,skilled employee / official,1,1,1
0,2,24,2,car (used),2760,5,5,4,3,1,4,4,36,1,for free,1,skilled employee / official,1,2,1
1,2,18,3,radio/television,4297,1,5,4,1,1,3,4,40,3,own,1,management/ self-employed/ highly qualified employee/ officer,1,2,1
0,4,9,4,(vacation - does not exist?),936,3,5,4,3,1,2,3,52,3,own,2,skilled employee / official,1,2,1
0,1,12,2,car (new),1168,1,3,4,4,1,3,1,27,3,own,1,unskilled - resident,1,1,1
0,4,27,3,business,5117,1,4,3,3,1,4,3,26,3,own,2,skilled employee / official,1,1,1
1,1,12,2,retraining,902,1,4,4,4,1,4,2,21,3,rent,1,skilled employee / official,1,1,1
0,4,12,4,car (new),1495,1,5,4,3,1,1,1,38,3,own,2,unskilled - resident,2,1,1
0,1,30,4,car (used),10623,1,5,3,3,1,4,4,38,3,for free,3,management/ self-employed/ highly qualified employee/ officer,2,2,1
0,4,12,4,radio/television,1935,1,5,4,3,1,4,1,43,3,own,3,skilled employee / official,1,2,1
0,2,12,4,repairs,1424,1,4,4,3,1,3,2,26,3,own,1,skilled employee / official,1,1,1
0,1,24,2,business,6568,1,3,2,4,1,2,3,21,2,own,1,unskilled - resident,1,1,1
0,4,12,2,car (used),1413,4,4,3,3,1,2,2,55,3,own,1,skilled employee / official,1,1,2
0,4,9,4,domestic appliances,3074,5,3,1,3,1,2,1,33,3,own,2,skilled employee / official,2,1,1
0,4,36,2,domestic appliances,3835,5,5,2,2,1,4,1,45,3,own,1,unskilled - resident,1,2,1
1,1,27,0,business,5293,1,1,2,3,1,4,2,50,2,own,2,skilled employee / official,1,2,1
1,3,30,3,business,1908,1,5,4,3,1,4,1,66,3,own,1,management/ self-employed/ highly qualified employee/ officer,1,2,1
0,4,36,4,domestic appliances,3342,5,5,4,3,1,2,3,51,3,own,1,skilled employee / official,1,2,1
0,2,6,4,retraining,932,5,4,1,2,1,3,2,39,3,own,2,unskilled - resident,1,1,1
0,1,18,0,business,3104,1,4,3,3,1,1,2,31,1,own,1,skilled employee / official,1,2,1
0,3,36,2,domestic appliances,3913,1,3,2,3,1,2,1,23,3,own,1,skilled employee / official,1,2,1
0,1,24,2,radio/television,3021,1,3,2,1,1,2,1,24,3,rent,1,unskilled - resident,1,1,1
0,4,10,2,car (new),1364,1,3,2,2,1,4,3,64,3,own,1,skilled employee / official,1,2,1
0,2,12,2,domestic appliances,625,1,2,4,4,0,1,1,26,1,own,1,unskilled - resident,1,1,1
0,1,12,2,(vacation - does not exist?),1200,5,3,4,2,1,4,2,23,1,rent,1,skilled employee / official,1,2,1
0,4,12,2,domestic appliances,707,1,3,4,3,1,2,1,30,1,own,2,skilled employee / official,1,1,1
0,4,24,3,business,2978,5,3,4,3,1,4,1,32,3,own,2,skilled employee / official,2,2,1
0,4,15,2,car (used),4657,1,3,3,3,1,2,3,30,3,own,1,skilled employee / official,1,2,1
0,4,36,0,education,2613,1,3,4,3,1,2,3,27,3,own,2,skilled employee / official,1,1,1
1,2,48,2,domestic appliances,10961,4,4,1,3,0,2,4,27,1,own,2,skilled employee / official,1,2,1
1,1,12,2,radio/television,7865,1,5,4,3,1,4,4,53,3,for free,1,management/ self-employed/ highly qualified employee/ officer,1,2,1
1,4,9,2,domestic appliances,1478,1,4,4,3,1,2,3,22,3,own,1,skilled employee / official,1,1,1
0,1,24,2,radio/television,3149,1,2,4,3,1,1,4,22,1,for free,1,skilled employee / official,1,1,1
1,3,36,2,domestic appliances,4210,1,3,4,3,1,2,3,26,3,own,1,skilled employee / official,1,1,1
0,4,9,2,car (new),2507,3,5,2,3,1,4,4,51,3,for free,1,unskilled - resident,1,1,1
0,4,12,2,domestic appliances,2141,2,4,3,3,1,1,4,35,3,own,1,skilled employee / official,1,1,1
0,2,18,2,domestic appliances,866,1,3,4,4,0,2,1,25,3,own,1,unskilled - resident,1,1,1
0,4,4,4,domestic appliances,1544,1,4,2,3,1,1,1,42,3,own,3,unskilled - resident,2,1,1
1,1,24,2,domestic appliances,1823,1,1,4,3,1,2,3,30,2,own,1,management/ self-employed/ highly qualified employee/ officer,2,1,1
1,2,6,2,car (new),14555,5,1,1,3,1,2,2,23,3,own,1,unemployed/ unskilled - non-resident,1,2,1
1,2,21,2,business,2767,2,5,4,1,1,2,3,61,1,rent,2,unskilled - resident,1,1,1
0,4,12,4,domestic appliances,1291,1,3,4,2,1,2,2,35,3,own,2,skilled employee / official,1,1,1
0,1,30,2,domestic appliances,2522,1,5,1,3,0,3,2,39,3,own,1,skilled employee / official,2,1,1
1,1,24,2,car (new),915,5,5,4,2,1,2,3,29,1,own,1,skilled employee / official,1,1,1
0,4,6,2,domestic appliances,1595,1,4,3,3,1,2,2,51,3,own,1,skilled employee / official,2,1,1
1,1,48,0,car (used),4605,1,5,3,3,1,4,4,24,3,for free,2,skilled employee / official,2,1,1
0,4,12,4,business,1185,1,3,3,2,1,2,1,27,3,own,2,skilled employee / official,1,1,1
0,4,12,1,retraining,3447,3,3,4,2,1,3,1,35,3,own,1,unskilled - resident,2,1,1
0,4,24,2,business,1258,1,4,4,3,1,1,1,25,3,own,1,skilled employee / official,1,2,1
0,4,12,4,domestic appliances,717,1,5,4,3,1,4,1,52,3,own,3,skilled employee / official,1,1,1
0,4,6,0,car (new),1204,2,3,4,3,1,1,4,35,1,rent,1,skilled employee / official,1,1,2
0,3,24,2,radio/television,1925,1,3,2,3,1,2,1,26,3,own,1,skilled employee / official,1,1,1
1,4,18,2,domestic appliances,433,1,1,3,2,0,4,1,22,3,rent,1,skilled employee / official,1,1,1
0,1,6,4,car (new),666,4,4,3,2,1,4,1,39,3,own,2,unskilled - resident,1,2,1
0,3,12,2,radio/television,2251,1,3,1,2,1,2,3,46,3,own,1,unskilled - resident,1,1,1
1,2,30,2,car (new),2150,1,3,4,2,0,2,4,24,1,own,1,skilled employee / official,1,1,1
0,4,24,3,radio/television,4151,2,3,2,3,1,3,2,35,3,own,2,skilled employee / official,1,1,1
0,2,9,2,radio/television,2030,5,4,2,3,1,1,3,24,3,own,1,skilled employee / official,1,2,1
0,2,60,3,domestic appliances,7418,5,3,1,3,1,1,1,27,3,own,1,unskilled - resident,1,1,1
0,4,24,4,domestic appliances,2684,1,3,4,3,1,2,1,35,3,own,2,unskilled - resident,1,1,1
1,1,12,1,domestic appliances,2149,1,3,4,1,1,1,4,29,3,for free,1,skilled employee / official,1,1,1
0,4,15,2,car (used),3812,2,2,1,2,1,4,3,23,3,own,1,skilled employee / official,1,2,1
0,4,11,4,domestic appliances,1154,2,1,4,2,1,4,1,57,3,own,3,unskilled - resident,1,1,1
0,1,12,2,radio/television,1657,1,3,2,3,1,2,1,27,3,own,1,skilled employee / official,1,1,1
0,1,24,2,domestic appliances,1603,1,5,4,2,1,4,3,55,3,own,1,skilled employee / official,1,1,1
0,1,18,4,car (new),5302,1,5,2,3,1,4,4,36,3,for free,3,management/ self-employed/ highly qualified employee/ officer,1,2,1
0,4,12,4,(vacation - does not exist?),2748,1,5,2,2,1,4,4,57,1,for free,3,unskilled - resident,1,1,1
0,4,10,4,car (new),1231,1,5,3,3,1,4,1,32,3,own,2,unskilled - resident,2,1,2
1,2,15,2,domestic appliances,802,1,5,4,3,1,3,3,37,3,own,1,skilled employee / official,2,1,1
0,4,36,4,business,6304,5,5,4,3,1,4,1,36,3,own,2,skilled employee / official,1,1,1
0,4,24,2,domestic appliances,1533,1,2,4,2,1,3,3,38,2,own,1,skilled employee / official,1,2,1
1,1,14,2,car (new),8978,1,5,1,1,1,4,2,45,3,own,1,management/ self-employed/ highly qualified employee/ officer,1,2,2
0,4,24,2,domestic appliances,999,5,5,4,3,1,2,3,25,3,own,2,skilled employee / official,1,1,1
0,4,18,2,car (new),2662,5,4,4,3,1,3,2,32,3,own,1,skilled employee / official,1,1,2
0,4,12,4,radio/television,1402,3,4,3,2,1,4,3,37,3,rent,1,skilled employee / official,1,2,1
0,2,48,1,car (new),12169,5,1,4,3,0,4,4,36,3,for free,1,management/ self-employed/ highly qualified employee/ officer,1,2,1
1,2,48,2,domestic appliances,3060,1,4,4,3,1,4,1,28,3,own,2,skilled employee / official,1,1,1
1,1,30,2,education,11998,1,2,1,1,1,1,4,34,3,own,1,unskilled - resident,1,2,1
0,4,9,2,domestic appliances,2697,1,3,1,3,1,2,1,32,3,own,1,skilled employee / official,2,1,1
0,4,18,4,domestic appliances,2404,1,3,2,2,1,2,3,26,3,own,2,skilled employee / official,1,1,1
0,1,12,2,radio/television,1262,5,5,2,1,1,4,2,49,3,own,1,unskilled - resident,1,2,1
1,4,6,2,radio/television,4611,1,2,1,2,1,4,2,32,3,own,1,skilled employee / official,1,1,1
0,4,24,2,domestic appliances,1901,2,3,4,3,1,4,3,29,3,rent,1,management/ self-employed/ highly qualified employee/ officer,1,2,1
0,4,15,4,car (used),3368,4,5,3,3,1,4,4,23,3,rent,2,skilled employee / official,1,2,1
0,4,12,2,radio/television,1574,1,3,4,3,1,2,1,50,3,own,1,skilled employee / official,1,1,1
0,3,18,1,domestic appliances,1445,5,4,4,3,1,4,3,49,1,own,1,unskilled - resident,1,1,1
0,4,15,4,radio/television,1520,5,5,4,3,1,4,2,63,3,own,1,skilled employee / official,1,1,1
0,2,24,4,car (new),3878,2,2,4,1,1,2,3,37,3,own,1,skilled employee / official,1,2,1
0,1,47,2,car (new),10722,1,2,1,2,1,1,1,35,3,own,1,unskilled - resident,1,2,1
0,1,48,2,car (used),4788,1,4,4,3,1,3,2,26,3,own,1,skilled employee / official,2,1,1
0,2,48,3,furniture/equipment,7582,2,1,2,3,1,4,4,31,3,for free,1,management/ self-employed/ highly qualified employee/ officer,1,2,1
0,2,12,2,domestic appliances,1092,1,3,4,2,0,4,1,49,3,own,2,skilled employee / official,1,2,1
1,1,24,3,domestic appliances,1024,1,2,4,4,1,4,1,48,2,own,1,skilled employee / official,1,1,1
0,4,12,2,business,1076,1,3,2,4,1,2,1,26,3,own,1,skilled employee / official,1,2,2
1,2,36,2,car (used),9398,1,2,1,4,1,4,3,28,3,rent,1,management/ self-employed/ highly qualified employee/ officer,1,2,1
0,1,24,4,car (used),6419,1,5,2,2,1,4,4,44,3,for free,2,management/ self-employed/ highly qualified employee/ officer,2,2,1
0,3,42,4,car (used),4796,1,5,4,3,1,4,4,56,3,for free,1,skilled employee / official,1,1,1
0,4,48,4,business,7629,5,5,4,1,1,2,3,46,1,own,2,management/ self-employed/ highly qualified employee/ officer,2,1,1
1,2,48,2,radio/television,9960,1,2,1,2,1,2,3,26,3,own,1,skilled employee / official,1,2,1
0,4,12,2,car (used),4675,5,2,1,2,1,4,3,20,3,rent,1,skilled employee / official,1,1,1
0,4,10,2,car (new),1287,5,5,4,3,0,2,2,45,3,own,1,unskilled - resident,1,1,2
0,4,18,2,radio/television,2515,1,3,3,3,1,4,1,43,3,own,1,skilled employee / official,1,2,1
0,2,21,4,radio/television,2745,4,4,3,3,1,2,3,32,3,own,2,skilled employee / official,1,2,1
0,4,6,2,car (new),672,1,1,1,2,1,4,1,54,3,own,1,unemployed/ unskilled - non-resident,1,2,1
1,2,36,0,domestic appliances,3804,1,3,4,2,1,1,3,42,3,own,1,skilled employee / official,1,2,1
1,3,24,4,car (new),1344,5,4,4,3,1,2,1,37,1,own,2,unskilled - resident,2,1,1
0,1,10,4,car (new),1038,1,4,4,3,0,3,2,49,3,own,2,skilled employee / official,1,2,1
1,4,48,4,car (new),10127,3,3,2,3,1,2,4,44,1,for free,1,skilled employee / official,1,1,1
0,4,6,2,radio/television,1543,4,3,4,1,1,2,1,33,3,own,1,skilled employee / official,1,1,1
0,4,30,2,car (used),4811,5,4,2,2,1,4,2,24,2,rent,1,unskilled - resident,1,1,1
1,1,12,2,domestic appliances,727,2,2,4,4,1,3,4,33,3,own,1,unskilled - resident,1,2,1
1,2,8,2,radio/television,1237,1,3,3,2,1,4,1,24,3,own,1,skilled employee / official,1,1,1
0,2,9,2,car (new),276,1,3,4,4,1,4,1,22,3,rent,1,unskilled - resident,1,1,1
0,2,48,2,furniture/equipment,5381,5,1,3,3,1,4,4,40,1,for free,1,unemployed/ unskilled - non-resident,1,2,1
0,4,24,2,radio/television,5511,2,3,4,3,1,1,3,25,2,own,1,skilled employee / official,1,1,1
0,3,24,2,radio/television,3749,1,2,2,2,1,4,3,26,3,own,1,skilled employee / official,1,1,1
1,2,12,2,car (new),685,1,4,2,4,1,3,3,25,1,own,1,unskilled - resident,1,1,1
0,3,4,2,car (new),1494,5,2,1,3,1,2,1,29,3,own,1,unskilled - resident,2,1,2
1,1,36,1,radio/television,2746,1,5,4,3,1,4,3,31,1,own,1,skilled employee / official,1,1,1
0,1,12,2,radio/television,708,1,3,2,3,0,3,2,38,3,own,1,unskilled - resident,2,1,1
0,2,24,2,radio/television,4351,5,3,1,2,1,4,2,48,3,own,1,unskilled - resident,1,2,1
0,4,12,4,(vacation - does not exist?),701,1,3,4,3,1,2,3,32,3,own,2,skilled employee / official,1,1,1
0,1,15,3,radio/television,3643,1,5,1,2,1,4,2,27,3,own,2,unskilled - resident,1,1,1
1,2,30,4,car (new),4249,1,1,4,4,1,2,3,28,3,own,2,management/ self-employed/ highly qualified employee/ officer,1,1,1
1,1,24,2,domestic appliances,1938,1,2,4,1,1,3,2,32,3,own,1,skilled employee / official,1,1,1
0,1,24,2,car (used),2910,1,4,2,3,1,1,4,34,3,for free,1,management/ self-employed/ highly qualified employee/ officer,1,2,1
0,1,18,2,radio/television,2659,4,3,4,3,1,2,3,28,3,own,1,skilled employee / official,1,1,1
0,4,18,4,car (new),1028,1,3,4,2,1,3,1,36,3,own,2,skilled employee / official,1,1,1
0,1,8,4,car (new),3398,1,4,1,3,1,4,1,39,3,own,2,unskilled - resident,1,1,2
0,4,12,4,radio/television,5801,5,5,2,3,1,4,2,49,3,rent,1,skilled employee / official,1,2,1
0,4,24,2,car (new),1525,4,4,4,2,1,3,3,34,3,own,1,skilled employee / official,2,2,1
0,3,36,2,domestic appliances,4473,1,5,4,3,1,2,3,31,3,own,1,skilled employee / official,1,1,1
0,2,6,2,domestic appliances,1068,1,5,4,3,1,4,3,28,3,own,1,skilled employee / official,2,1,1
0,1,24,4,car (used),6615,1,1,2,3,1,4,4,75,3,for free,2,management/ self-employed/ highly qualified employee/ officer,1,2,1
1,4,18,4,(vacation - does not exist?),1864,2,3,4,2,1,2,1,30,3,own,2,skilled employee / official,1,1,1
1,2,60,2,car (new),7408,2,2,4,2,1,2,2,24,3,own,1,management/ self-employed/ highly qualified employee/ officer,1,1,1
1,4,48,4,car (used),11590,2,3,2,2,1,4,3,24,1,rent,2,unskilled - resident,1,1,1
1,1,24,0,radio/television,4110,1,5,3,3,1,4,4,23,1,rent,2,skilled employee / official,2,1,1
1,1,6,4,radio/television,3384,1,3,1,1,1,4,1,44,3,rent,1,management/ self-employed/ highly qualified employee/ officer,1,2,1
0,2,13,2,domestic appliances,2101,1,2,2,2,0,4,2,23,3,own,1,unskilled - resident,1,1,1
1,1,15,2,repairs,1275,5,3,4,2,1,2,3,24,3,rent,1,skilled employee / official,1,1,1
0,1,24,2,radio/television,4169,1,3,4,3,1,4,2,28,3,own,1,skilled employee / official,1,1,1
0,2,10,2,radio/television,1521,1,3,4,1,1,2,3,31,3,own,1,unskilled - resident,1,1,1
0,2,24,4,(vacation - does not exist?),5743,1,2,2,2,1,4,4,24,3,for free,2,skilled employee / official,1,2,1
0,1,21,2,radio/television,3599,1,4,1,2,1,4,3,26,3,rent,1,unskilled - resident,1,1,1
0,2,18,2,domestic appliances,3213,3,2,1,4,1,3,1,25,3,rent,1,skilled employee / official,1,1,1
0,2,18,2,business,4439,1,5,1,3,0,1,1,33,1,own,1,management/ self-employed/ highly qualified employee/ officer,1,2,1
0,3,10,2,car (new),3949,1,2,1,3,0,1,2,37,3,own,1,unskilled - resident,2,1,1
0,4,15,4,domestic appliances,1459,1,3,4,2,1,2,3,43,3,own,1,unskilled - resident,1,1,1
0,2,13,4,domestic appliances,882,1,2,4,3,0,4,1,23,3,own,2,skilled employee / official,1,1,1
0,2,24,2,domestic appliances,3758,3,1,1,2,1,4,4,23,3,rent,1,unemployed/ unskilled - non-resident,1,1,1
0,4,6,3,business,1743,2,3,1,3,1,2,1,34,3,own,2,unskilled - resident,1,1,1
1,2,9,4,(vacation - does not exist?),1136,4,5,4,3,1,3,4,32,3,for free,2,skilled employee / official,2,1,1
0,4,9,2,repairs,1236,1,2,1,2,1,4,1,23,3,rent,1,skilled employee / official,1,2,1
1,2,9,2,radio/television,959,1,3,1,2,1,2,3,29,3,own,1,skilled employee / official,1,1,2
0,4,18,4,car (used),3229,5,1,2,3,1,4,4,38,3,own,1,management/ self-employed/ highly qualified employee/ officer,1,2,1
1,1,12,0,domestic appliances,6199,1,3,4,3,1,2,2,28,3,rent,2,skilled employee / official,1,2,1
0,4,10,2,(vacation - does not exist?),727,3,5,4,3,1,4,4,46,3,for free,1,skilled employee / official,1,2,1
1,2,24,2,car (new),1246,1,2,4,3,1,2,1,23,2,own,1,unskilled - resident,1,1,1
0,4,12,4,domestic appliances,2331,5,5,1,3,0,4,1,49,3,own,1,skilled employee / official,1,2,1
1,4,36,3,domestic appliances,4463,1,3,4,3,1,2,3,26,3,own,2,management/ self-employed/ highly qualified employee/ officer,1,2,1
0,4,12,2,domestic appliances,776,1,3,4,4,1,2,1,28,3,own,1,skilled employee / official,1,1,1
1,1,30,2,radio/television,2406,1,4,4,2,1,4,1,23,3,rent,1,skilled employee / official,1,1,1
0,2,18,2,(vacation - does not exist?),1239,5,3,4,3,1,4,4,61,3,for free,1,skilled employee / official,1,1,1
0,3,12,2,domestic appliances,3399,5,5,2,3,1,3,3,37,3,own,1,management/ self-employed/ highly qualified employee/ officer,1,1,1
0,3,12,3,car (new),2247,1,3,2,2,1,2,3,36,2,own,2,skilled employee / official,1,2,1
0,4,6,2,radio/television,1766,1,3,1,4,1,2,2,21,3,rent,1,skilled employee / official,1,1,1
1,1,18,2,radio/television,2473,1,1,4,3,1,1,3,25,3,own,1,unemployed/ unskilled - non-resident,1,1,1
0,4,12,2,business,1542,1,4,2,3,1,4,3,36,3,own,1,skilled employee / official,1,2,1
0,4,18,4,car (used),3850,1,4,3,3,1,1,3,27,3,own,2,skilled employee / official,1,1,1
0,1,18,2,radio/television,3650,1,2,1,2,1,4,3,22,3,rent,1,skilled employee / official,1,1,1
1,1,36,2,radio/television,3446,1,5,4,3,1,2,3,42,3,own,1,skilled employee / official,2,1,1
0,2,18,2,radio/television,3001,1,4,2,2,1,4,1,40,3,rent,1,skilled employee / official,1,1,1
0,4,36,2,car (new),3079,5,3,4,3,1,4,1,36,3,own,1,skilled employee / official,1,1,1
0,4,18,4,domestic appliances,6070,1,5,3,3,1,4,3,33,3,own,2,skilled employee / official,1,2,1
0,4,10,4,radio/television,2146,1,2,1,2,1,3,1,23,3,rent,2,skilled employee / official,1,1,1
0,4,60,4,car (new),13756,5,5,2,3,1,4,4,63,1,for free,1,management/ self-employed/ highly qualified employee/ officer,1,2,1
1,2,60,1,furniture/equipment,14782,2,5,3,2,1,4,4,60,1,for free,2,management/ self-employed/ highly qualified employee/ officer,1,2,1
1,1,48,1,business,7685,1,4,2,2,0,4,3,37,3,rent,1,skilled employee / official,1,1,1
0,4,18,3,domestic appliances,2320,1,1,2,4,1,3,1,34,3,own,2,skilled employee / official,1,1,1
0,4,7,3,domestic appliances,846,5,5,3,3,1,4,4,36,3,for free,1,skilled employee / official,1,1,1
1,2,36,2,car (new),14318,1,5,4,3,1,2,4,57,3,for free,1,management/ self-employed/ highly qualified employee/ officer,1,2,1
0,4,6,4,car (new),362,2,3,4,2,1,4,3,52,3,own,2,unskilled - resident,1,1,1
0,1,20,2,radio/television,2212,5,4,4,3,1,4,3,39,3,own,1,skilled employee / official,1,2,1
1,2,18,2,car (used),12976,1,1,3,2,1,4,4,38,3,for free,1,management/ self-employed/ highly qualified employee/ officer,1,2,1
0,4,22,2,car (new),1283,5,4,4,2,1,4,2,25,3,rent,1,skilled employee / official,1,1,1
0,3,12,2,car (new),1330,1,2,4,3,1,1,1,26,3,own,1,skilled employee / official,1,1,1
0,4,30,3,business,4272,2,3,2,3,1,2,2,26,3,own,2,unskilled - resident,1,1,1
0,4,18,4,domestic appliances,2238,1,3,2,2,1,1,3,25,3,own,2,skilled employee / official,1,1,1
0,4,18,2,domestic appliances,1126,5,2,4,2,1,2,1,21,3,rent,1,skilled employee / official,1,2,1
0,2,18,4,radio/television,7374,1,1,4,3,1,4,2,40,2,own,2,management/ self-employed/ highly qualified employee/ officer,1,2,1
0,2,15,4,business,2326,3,3,2,3,1,4,3,27,1,own,1,skilled employee / official,1,1,1
0,4,9,2,business,1449,1,4,3,2,1,2,3,27,3,own,2,skilled employee / official,1,1,1
0,4,18,2,car (new),1820,1,3,2,4,1,2,2,30,3,own,1,management/ self-employed/ highly qualified employee/ officer,1,2,1
0,2,12,2,radio/television,983,4,2,1,2,1,4,1,19,3,rent,1,unskilled - resident,1,1,1
0,1,36,2,car (new),3249,1,4,2,3,1,4,4,39,1,for free,1,management/ self-employed/ highly qualified employee/ officer,2,2,1
0,1,6,4,domestic appliances,1957,1,4,1,2,1,4,3,31,3,own,1,skilled employee / official,1,1,1
0,4,9,4,radio/television,2406,1,1,2,3,1,3,3,31,3,own,1,management/ self-employed/ highly qualified employee/ officer,1,1,1
0,2,39,3,(vacation - does not exist?),11760,2,4,2,3,1,3,4,32,3,rent,1,skilled employee / official,1,2,1
0,1,12,2,radio/television,2578,1,1,3,2,1,4,4,55,3,for free,1,management/ self-employed/ highly qualified employee/ officer,1,1,1
0,1,36,4,radio/television,2348,1,3,3,4,1,2,2,46,3,own,2,skilled employee / official,1,2,1
1,2,12,2,car (new),1223,1,5,1,1,1,1,1,46,3,rent,2,skilled employee / official,1,1,1
0,4,24,4,domestic appliances,1516,4,3,4,2,1,1,1,43,3,own,2,unskilled - resident,1,1,1
0,4,18,2,domestic appliances,1473,1,2,3,4,1,4,1,39,3,own,1,skilled employee / official,1,2,1
0,2,18,4,business,1887,5,3,4,4,1,4,1,28,1,own,2,skilled employee / official,1,1,1
1,4,24,3,business,8648,1,2,2,3,1,2,3,27,1,own,2,skilled employee / official,1,2,1
0,4,14,3,car (new),802,1,3,4,3,1,2,3,27,3,own,2,unskilled - resident,1,1,1
0,2,18,3,car (new),2899,5,5,4,3,1,4,3,43,3,own,1,skilled employee / official,2,1,1
1,2,24,2,domestic appliances,2039,1,2,1,4,1,1,2,22,3,own,1,skilled employee / official,1,2,1
0,4,24,4,car (used),2197,5,4,4,3,1,4,3,43,3,own,2,skilled employee / official,2,2,1
0,1,15,2,domestic appliances,1053,1,2,4,4,1,2,1,27,3,own,1,skilled employee / official,1,1,2
0,4,24,2,domestic appliances,3235,3,5,3,1,1,2,3,26,3,own,1,management/ self-employed/ highly qualified employee/ officer,1,2,1
1,3,12,4,car (new),939,3,4,4,4,1,2,1,28,3,own,3,skilled employee / official,1,2,1
0,2,24,2,domestic appliances,1967,1,5,4,2,1,4,3,20,3,own,1,skilled employee / official,1,2,1
0,4,33,4,car (used),7253,1,4,3,3,1,2,3,35,3,own,2,management/ self-employed/ highly qualified employee/ officer,1,2,1
1,4,12,4,business,2292,1,1,4,3,1,2,3,42,2,own,2,management/ self-employed/ highly qualified employee/ officer,1,2,1
0,4,10,2,car (new),1597,3,3,3,3,1,2,4,40,3,rent,1,unskilled - resident,2,1,2
1,1,24,2,car (new),1381,5,3,4,2,1,2,2,35,3,own,1,skilled employee / official,1,1,1
0,4,36,4,car (used),5842,1,5,2,3,1,2,2,35,3,own,2,skilled employee / official,2,2,1
1,1,12,2,car (new),2579,1,2,4,3,1,1,1,33,3,own,1,unskilled - resident,2,1,1
0,1,18,3,(vacation - does not exist?),8471,5,3,1,2,1,2,3,23,3,rent,2,skilled employee / official,1,2,1
0,4,21,2,car (new),2782,3,4,1,2,1,2,3,31,1,own,1,management/ self-employed/ highly qualified employee/ officer,1,1,1
1,2,18,2,car (new),1042,5,3,4,2,1,2,2,33,3,own,1,skilled employee / official,1,1,1
0,4,15,2,car (new),3186,4,4,2,2,1,3,3,20,3,rent,1,skilled employee / official,1,1,1
0,2,12,2,car (used),2028,5,3,4,3,1,2,3,30,3,own,1,skilled employee / official,1,1,1
0,2,12,4,car (new),958,1,4,2,3,1,3,1,47,3,own,2,unskilled - resident,2,1,1
0,4,21,3,radio/television,1591,2,4,4,3,1,3,1,34,3,own,2,management/ self-employed/ highly qualified employee/ officer,1,1,1
1,2,12,2,radio/television,2762,5,5,1,2,1,2,2,25,1,own,1,skilled employee / official,1,2,1
0,2,18,2,car (used),2779,1,3,1,4,1,3,3,21,3,rent,1,skilled employee / official,1,2,1
0,4,28,4,domestic appliances,2743,1,5,4,3,1,2,3,29,3,own,2,skilled employee / official,1,1,1
0,4,18,4,domestic appliances,1149,4,3,4,3,1,3,1,46,3,own,2,skilled employee / official,1,1,1
0,4,9,2,radio/television,1313,1,5,1,3,1,4,3,20,3,own,1,skilled employee / official,1,1,1
1,1,18,4,education,1190,1,1,2,2,1,4,4,55,3,for free,3,unemployed/ unskilled - non-resident,2,1,1
0,4,5,2,business,3448,1,4,1,3,1,4,1,74,3,own,1,unskilled - resident,1,1,1
1,2,24,2,furniture/equipment,11328,1,3,2,3,0,3,3,29,1,own,2,management/ self-employed/ highly qualified employee/ officer,1,2,1
0,1,6,4,radio/television,1872,1,1,4,3,1,4,4,36,3,for free,3,management/ self-employed/ highly qualified employee/ officer,1,2,1
0,4,24,4,education,2058,1,3,4,1,1,2,1,33,3,own,2,skilled employee / official,1,2,1
0,1,9,2,radio/television,2136,1,3,3,3,1,2,1,25,3,own,1,skilled employee / official,1,1,1
1,2,12,2,domestic appliances,1484,5,3,2,4,1,1,1,25,3,own,1,skilled employee / official,1,2,1
0,4,6,2,education,660,3,4,2,4,1,4,1,23,3,rent,1,unskilled - resident,1,1,1
0,4,24,4,car (new),1287,4,5,4,2,1,4,1,37,3,own,2,skilled employee / official,1,2,1
0,1,42,4,education,3394,1,1,4,3,0,4,3,65,3,own,2,unemployed/ unskilled - non-resident,1,1,1
1,3,12,1,business,609,1,2,4,2,1,1,1,26,3,own,1,unemployed/ unskilled - non-resident,1,1,1
0,4,12,2,car (new),1884,1,5,4,3,1,4,3,39,3,own,1,management/ self-employed/ highly qualified employee/ officer,1,2,1
0,1,12,2,radio/television,1620,1,3,2,2,0,3,2,30,3,own,1,skilled employee / official,1,1,1
0,2,20,3,furniture/equipment,2629,1,3,2,3,1,3,3,29,1,own,2,skilled employee / official,1,2,1
1,4,12,2,(vacation - does not exist?),719,1,5,4,3,1,4,3,41,1,own,1,unskilled - resident,2,1,1
1,2,48,4,radio/television,5096,1,3,2,2,1,3,3,30,3,own,1,management/ self-employed/ highly qualified employee/ officer,1,2,1
0,4,9,4,(vacation - does not exist?),1244,5,5,4,2,1,4,2,41,3,rent,2,unskilled - resident,1,1,1
1,1,36,2,car (new),1842,1,2,4,2,1,4,3,34,3,own,1,skilled employee / official,1,2,1
0,2,7,2,domestic appliances,2576,1,3,2,3,0,2,1,35,3,own,1,skilled employee / official,1,1,1
0,3,12,2,radio/television,1424,5,5,3,2,1,4,1,55,3,own,1,management/ self-employed/ highly qualified employee/ officer,1,2,1
1,2,15,3,education,1512,4,3,3,4,1,3,2,61,2,own,2,skilled employee / official,1,1,1
0,4,36,4,car (used),11054,5,3,4,3,1,2,3,30,3,own,1,management/ self-employed/ highly qualified employee/ officer,1,2,1
0,4,6,2,domestic appliances,518,1,3,3,2,1,1,1,29,3,own,1,skilled employee / official,1,1,1
0,4,12,0,radio/television,2759,1,5,2,3,1,4,2,34,3,own,2,skilled employee / official,1,1,1
0,4,24,2,car (used),2670,1,5,4,3,1,4,3,35,3,own,1,management/ self-employed/ highly qualified employee/ officer,1,2,1
1,1,24,2,car (new),4817,1,4,2,3,0,3,2,31,3,own,1,skilled employee / official,1,2,1
0,4,24,2,car (used),2679,1,2,4,2,1,1,4,29,3,own,1,management/ self-employed/ highly qualified employee/ officer,1,2,1
0,1,11,4,car (new),3905,1,3,2,3,1,2,1,36,3,rent,2,skilled employee / official,2,1,1
1,1,12,2,car (used),3386,1,5,3,3,1,4,4,35,3,for free,1,skilled employee / official,1,2,1
0,1,6,2,repairs,343,1,2,4,2,1,1,1,27,3,own,1,skilled employee / official,1,1,1
0,4,18,2,domestic appliances,4594,1,2,3,3,1,2,3,32,3,own,1,skilled employee / official,1,2,1
0,1,36,2,radio/television,3620,1,3,1,3,0,2,2,37,3,own,1,skilled employee / official,2,1,1
0,1,15,2,car (new),1721,1,2,2,3,1,3,1,36,3,own,1,skilled employee / official,1,1,1
0,2,12,2,radio/television,3017,1,2,3,2,1,1,1,34,3,rent,1,management/ self-employed/ highly qualified employee/ officer,1,1,1
0,2,12,2,retraining,754,5,5,4,3,1,4,2,38,3,own,2,skilled employee / official,1,1,1
0,4,18,2,business,1950,1,4,4,3,1,1,3,34,2,own,2,skilled employee / official,1,2,1
0,1,24,2,car (used),2924,1,3,3,3,0,4,4,63,1,own,1,skilled employee / official,2,2,1
1,1,24,3,domestic appliances,1659,1,2,4,2,1,2,3,29,3,rent,1,unskilled - resident,1,2,1
0,4,48,3,domestic appliances,7238,5,5,3,3,1,3,3,32,1,own,2,skilled employee / official,2,1,1
0,4,33,3,business,2764,1,3,2,2,1,2,3,26,3,own,2,skilled employee / official,1,2,1
0,4,24,3,car (used),4679,1,4,3,3,1,3,3,35,3,own,2,unskilled - resident,1,2,1
1,2,24,2,domestic appliances,3092,2,2,3,4,1,2,3,22,3,rent,1,skilled employee / official,1,2,1
1,1,6,2,(vacation - does not exist?),448,1,2,4,2,1,4,2,23,3,own,1,skilled employee / official,1,1,1
1,1,9,2,car (new),654,1,3,4,3,1,3,3,28,3,own,1,unskilled - resident,1,1,1
0,4,6,2,retraining,1238,5,1,4,3,1,4,2,36,3,own,1,management/ self-employed/ highly qualified employee/ officer,2,2,1
1,2,18,4,domestic appliances,1245,1,3,4,4,1,2,3,33,3,own,1,skilled employee / official,1,1,1
1,1,18,0,radio/television,3114,1,2,1,2,1,4,2,26,3,rent,1,skilled employee / official,1,1,1
0,4,39,2,car (used),2569,3,3,4,3,1,4,3,24,3,own,1,skilled employee / official,1,1,1
0,3,24,2,domestic appliances,5152,1,4,4,3,1,2,3,25,1,own,1,skilled employee / official,1,1,1
0,2,12,2,business,1037,2,4,3,3,1,4,1,39,3,own,1,unskilled - resident,1,1,1
0,1,15,4,radio/television,1478,1,5,4,3,1,4,3,44,3,own,2,skilled employee / official,2,2,1
0,2,12,4,domestic appliances,3573,1,3,1,2,1,1,1,23,3,own,1,unskilled - resident,1,1,1
0,2,24,2,car (new),1201,1,2,4,3,1,1,2,26,3,own,1,skilled employee / official,1,1,1
0,1,30,2,radio/television,3622,4,5,4,2,1,4,2,57,3,rent,2,skilled employee / official,1,2,1
0,4,15,3,radio/television,960,4,4,3,2,1,2,2,30,3,own,2,skilled employee / official,1,1,1
0,4,12,4,car (new),1163,3,3,4,3,1,4,1,44,3,own,1,skilled employee / official,1,2,1
1,2,6,3,car (new),1209,1,1,4,3,1,4,2,47,3,own,1,management/ self-employed/ highly qualified employee/ officer,1,2,1
0,4,12,2,domestic appliances,3077,1,3,2,3,1,4,3,52,3,own,1,skilled employee / official,1,2,1
0,4,24,2,car (new),3757,1,5,4,2,0,4,4,62,3,for free,1,skilled employee / official,1,2,1
0,4,10,2,car (new),1418,2,3,3,3,1,2,1,35,3,rent,1,unskilled - resident,1,1,2
0,4,6,2,car (new),3518,1,3,2,3,0,3,2,26,3,rent,1,skilled employee / official,1,1,1
0,4,12,4,domestic appliances,1934,1,5,2,3,1,2,4,26,3,own,2,skilled employee / official,1,1,1
1,2,27,0,business,8318,1,5,2,2,1,4,4,42,3,for free,2,management/ self-employed/ highly qualified employee/ officer,1,2,1
0,4,6,4,domestic appliances,1237,2,3,1,2,1,1,2,27,3,own,2,skilled employee / official,1,1,1
0,2,6,2,domestic appliances,368,5,5,4,3,1,4,2,38,3,own,1,skilled employee / official,1,1,1
0,1,12,4,car (new),2122,1,3,3,3,1,2,1,39,3,rent,2,unskilled - resident,2,1,2
1,1,24,2,radio/television,2996,5,3,2,4,1,4,3,20,3,own,1,skilled employee / official,1,1,1
1,2,36,2,radio/television,9034,2,2,4,3,0,1,4,29,3,rent,1,management/ self-employed/ highly qualified employee/ officer,1,2,1
0,4,24,4,radio/television,1585,1,4,4,3,1,3,2,40,3,own,2,skilled employee / official,1,1,1
0,2,18,2,domestic appliances,1301,1,5,4,4,0,2,1,32,3,own,1,unskilled - resident,1,1,1
0,3,6,4,car (new),1323,2,5,2,1,1,4,3,28,3,own,2,skilled employee / official,2,2,1
1,1,24,2,car (new),3123,1,2,4,2,1,1,2,27,3,own,1,skilled employee / official,1,1,1
0,1,36,2,car (used),5493,1,5,2,3,1,4,4,42,3,for free,1,skilled employee / official,2,1,1
0,3,9,2,domestic appliances,1126,2,5,2,1,1,4,1,49,3,own,1,skilled employee / official,1,1,1
1,2,24,4,domestic appliances,1216,2,2,4,3,1,4,4,38,1,own,2,skilled employee / official,2,1,1
1,1,24,2,car (new),1207,1,2,4,2,1,4,2,24,3,rent,1,skilled employee / official,1,1,1
1,4,10,2,car (new),1309,5,3,4,3,0,4,2,27,3,own,1,unskilled - resident,1,1,1
0,3,15,4,car (used),2360,3,3,2,3,1,2,3,36,3,own,1,skilled employee / official,1,2,1
1,2,15,1,car (new),6850,2,1,1,3,1,2,2,34,3,own,1,management/ self-employed/ highly qualified employee/ officer,2,2,1
0,4,24,2,domestic appliances,1413,1,3,4,4,1,2,2,28,3,own,1,skilled employee / official,1,1,1
0,4,39,2,car (used),8588,2,5,4,3,1,2,3,45,3,own,1,management/ self-employed/ highly qualified employee/ officer,1,2,1
1,1,12,2,car (new),759,1,4,4,3,1,2,1,26,3,own,1,skilled employee / official,1,1,1
0,4,36,2,car (used),4686,1,3,2,3,1,2,4,32,3,for free,1,management/ self-employed/ highly qualified employee/ officer,1,2,1
0,3,15,2,business,2687,1,4,2,3,1,4,2,26,3,rent,1,skilled employee / official,1,2,1
0,2,12,3,domestic appliances,585,1,3,4,4,0,4,1,20,3,rent,2,skilled employee / official,1,1,1
0,4,24,2,car (new),2255,5,2,4,3,1,1,2,54,3,own,1,skilled employee / official,1,1,1
0,1,6,4,car (new),609,1,4,4,2,1,3,2,37,3,own,2,skilled employee / official,1,1,2
0,1,6,4,car (new),1361,1,2,2,3,1,4,1,40,3,own,1,unskilled - resident,2,1,2
1,4,36,4,radio/television,7127,1,2,2,2,1,4,2,23,3,rent,2,skilled employee / official,1,2,1
0,1,6,2,car (new),1203,2,5,3,3,1,2,2,43,3,own,1,skilled employee / official,1,2,1
0,4,6,4,domestic appliances,700,5,5,4,3,1,4,4,36,3,for free,2,skilled employee / official,1,1,1
0,4,24,4,education,5507,1,5,3,3,1,4,4,44,3,for free,2,skilled employee / official,1,1,1
1,1,18,2,domestic appliances,3190,1,3,2,2,1,2,1,24,3,own,1,skilled employee / official,1,1,1
1,1,48,0,radio/television,7119,1,3,3,3,1,4,4,53,3,for free,2,skilled employee / official,2,1,1
0,4,24,2,car (used),3488,2,4,3,2,1,4,3,23,3,own,1,skilled employee / official,1,1,1
0,2,18,2,domestic appliances,1113,1,3,4,2,0,4,1,26,3,own,1,unskilled - resident,2,1,1
0,2,26,2,car (used),7966,1,2,2,3,1,3,3,30,3,own,2,skilled employee / official,1,1,1
0,4,15,4,(vacation - does not exist?),1532,2,3,4,2,1,3,3,31,3,own,1,skilled employee / official,1,1,1
0,4,4,4,domestic appliances,1503,1,4,2,3,1,1,1,42,3,own,2,unskilled - resident,2,1,1
1,1,36,2,domestic appliances,2302,1,3,4,1,1,4,3,31,3,rent,1,skilled employee / official,1,1,1
0,1,6,2,car (new),662,1,2,3,3,1,4,1,41,3,own,1,unskilled - resident,2,2,1
0,2,36,2,(vacation - does not exist?),2273,1,4,3,3,1,1,3,32,3,own,2,skilled employee / official,2,1,1
1,2,15,2,car (new),2631,2,3,2,2,1,4,3,28,3,rent,2,skilled employee / official,1,2,1
0,4,12,3,car (used),1503,1,3,4,4,1,4,1,41,3,rent,1,skilled employee / official,1,1,1
0,4,24,2,domestic appliances,1311,2,4,4,4,1,3,2,26,3,own,1,skilled employee / official,1,2,1
0,4,24,2,domestic appliances,3105,5,2,4,3,1,2,3,25,3,own,2,skilled employee / official,1,1,1
1,3,21,4,(vacation - does not exist?),2319,1,2,2,1,1,1,3,33,3,rent,1,skilled employee / official,1,1,1
0,1,6,2,car (new),1374,5,1,4,2,1,3,2,75,3,own,1,management/ self-employed/ highly qualified employee/ officer,1,2,1
0,2,18,4,radio/television,3612,1,5,3,2,1,4,2,37,3,own,1,skilled employee / official,1,2,1
1,1,48,2,car (new),7763,1,5,4,3,1,4,4,42,1,for free,1,management/ self-employed/ highly qualified employee/ officer,1,1,1
0,3,18,2,radio/television,3049,1,2,1,2,1,1,2,45,2,own,1,unskilled - resident,1,1,1
1,2,12,2,domestic appliances,1534,1,2,1,4,1,1,1,23,3,rent,1,skilled employee / official,1,1,1
0,4,24,3,car (new),2032,1,5,4,3,1,4,4,60,3,for free,2,skilled employee / official,1,2,1
1,1,30,2,radio/television,6350,5,5,4,3,1,4,2,31,3,own,1,skilled employee / official,1,1,1
1,3,18,2,radio/television,2864,1,3,2,3,1,1,1,34,3,own,1,unskilled - resident,2,1,1
0,4,12,4,car (new),1255,1,5,4,3,1,4,1,61,3,own,2,unskilled - resident,1,1,1
1,1,24,3,car (new),1333,1,1,4,3,1,2,1,43,3,for free,2,skilled employee / official,2,1,1
0,4,24,4,car (new),2022,1,3,4,2,1,4,3,37,3,own,1,skilled employee / official,1,2,1
0,4,24,2,domestic appliances,1552,1,4,3,3,1,1,3,32,1,own,1,skilled employee / official,2,1,1
1,1,12,1,domestic appliances,626,1,3,4,2,1,4,1,24,1,own,1,unskilled - resident,1,1,1
0,4,48,4,car (used),8858,5,4,2,3,1,1,4,35,3,for free,2,skilled employee / official,1,2,1
0,4,12,4,education,996,5,4,4,2,1,4,1,23,3,own,2,skilled employee / official,1,1,1
0,4,6,1,domestic appliances,1750,3,5,2,3,1,4,2,45,1,own,1,unskilled - resident,2,1,1
1,1,48,2,domestic appliances,6999,1,4,1,4,0,1,1,34,3,own,2,skilled employee / official,1,2,1
0,2,12,4,car (new),1995,2,2,4,3,1,1,3,27,3,own,1,skilled employee / official,1,1,1
0,2,9,2,(vacation - does not exist?),1199,1,4,4,2,1,4,2,67,3,own,2,management/ self-employed/ highly qualified employee/ officer,1,2,1
1,2,12,2,domestic appliances,1331,1,2,2,3,1,1,3,22,2,own,1,skilled employee / official,1,1,1
1,2,18,0,car (new),2278,2,2,3,2,1,3,3,28,3,own,2,skilled employee / official,1,1,1
1,4,21,0,car (new),5003,5,3,1,2,1,4,2,29,1,own,2,skilled employee / official,1,2,1
1,1,24,1,radio/television,3552,1,4,3,3,1,4,3,27,1,own,1,skilled employee / official,1,1,1
1,2,18,4,radio/television,1928,1,2,2,3,1,2,1,31,3,own,2,unskilled - resident,1,1,1
0,1,24,2,car (used),2964,5,5,4,3,1,4,4,49,1,for free,1,skilled employee / official,2,2,1
1,1,24,1,domestic appliances,1546,1,4,4,3,0,4,3,24,1,rent,1,unskilled - resident,1,1,1
0,3,6,3,domestic appliances,683,1,2,2,2,1,1,2,29,1,own,1,skilled employee / official,1,1,1
1,2,36,2,car (new),12389,5,3,1,3,1,4,4,37,3,for free,1,skilled employee / official,1,2,1
0,2,24,3,business,4712,5,3,4,3,1,2,2,37,1,own,2,management/ self-employed/ highly qualified employee/ officer,1,2,1
0,2,24,3,domestic appliances,1553,2,4,3,2,1,2,2,23,3,rent,2,skilled employee / official,1,2,1
1,1,12,2,car (new),1372,1,4,2,1,1,3,3,36,3,own,1,skilled employee / official,1,1,1
0,4,24,4,domestic appliances,2578,4,5,2,3,1,2,3,34,3,own,1,skilled employee / official,1,1,1
0,2,48,2,domestic appliances,3979,5,4,4,3,1,1,3,41,3,own,2,skilled employee / official,2,2,1
1,1,48,2,domestic appliances,6758,1,3,3,2,1,2,3,31,3,own,1,skilled employee / official,1,2,1
1,1,24,2,radio/television,3234,1,2,4,2,1,4,1,23,3,rent,1,unskilled - resident,1,2,1
0,4,30,4,domestic appliances,5954,1,4,3,3,0,2,3,38,3,own,1,skilled employee / official,1,1,1
0,4,24,2,car (used),5433,5,1,2,2,1,4,2,26,3,rent,1,management/ self-employed/ highly qualified employee/ officer,1,2,1
0,1,15,2,business,806,1,3,4,2,1,4,2,22,3,own,1,unskilled - resident,1,1,1
0,2,9,2,domestic appliances,1082,1,5,4,3,1,4,3,27,3,own,2,unskilled - resident,1,1,1
0,4,15,4,radio/television,2788,1,4,2,2,0,3,3,24,1,own,2,skilled employee / official,1,1,1
0,2,12,2,domestic appliances,2930,1,4,2,2,1,1,1,27,3,own,1,skilled employee / official,1,1,1
0,4,24,4,(vacation - does not exist?),1927,5,3,3,2,1,2,3,33,3,own,2,skilled employee / official,1,2,1
1,2,36,4,car (new),2820,1,2,4,1,1,4,3,27,3,own,2,skilled employee / official,1,1,1
0,4,24,2,retraining,937,1,2,4,4,1,3,3,27,3,own,2,unskilled - resident,1,1,1
1,2,18,4,car (new),1056,1,5,3,3,0,3,1,30,1,own,2,skilled employee / official,1,1,1
0,2,12,4,car (new),3124,1,2,1,3,1,3,1,49,1,own,2,unskilled - resident,2,1,1
0,4,9,2,radio/television,1388,1,3,4,2,1,2,1,26,3,rent,1,skilled employee / official,1,1,1
1,2,36,2,education,2384,1,2,4,3,1,1,4,33,3,rent,1,unskilled - resident,1,1,1
0,4,12,2,car (new),2133,5,5,4,2,1,4,4,52,3,for free,1,management/ self-employed/ highly qualified employee/ officer,1,2,1
1,1,18,2,radio/television,2039,1,3,1,2,1,4,1,20,1,rent,1,skilled employee / official,1,1,1
0,1,9,4,car (new),2799,1,3,2,3,1,2,1,36,3,rent,2,skilled employee / official,2,1,1
0,1,12,2,radio/television,1289,1,3,4,3,0,1,2,21,3,own,1,unskilled - resident,1,1,1
1,1,18,2,repairs,1217,1,3,4,4,1,3,1,47,3,own,1,unskilled - resident,1,2,1
1,1,12,4,radio/television,2246,1,5,3,3,1,3,2,60,3,own,2,skilled employee / official,1,1,1
0,1,12,4,domestic appliances,385,1,4,4,2,1,3,1,58,3,own,4,unskilled - resident,1,2,1
0,2,24,3,car (new),1965,5,3,4,2,1,4,3,42,3,rent,2,skilled employee / official,1,2,1
0,4,21,2,business,1572,4,5,4,2,1,4,1,36,1,own,1,unskilled - resident,1,1,1
1,2,24,2,car (new),2718,1,3,3,2,1,4,2,20,3,rent,1,unskilled - resident,1,2,1
1,1,24,1,furniture/equipment,1358,5,5,4,3,1,3,3,40,2,own,1,management/ self-employed/ highly qualified employee/ officer,1,2,1
1,2,6,1,car (new),931,2,2,1,2,1,1,2,32,2,own,1,unskilled - resident,1,1,1
1,1,24,2,car (new),1442,1,4,4,2,1,4,3,23,3,rent,2,skilled employee / official,1,1,1
1,2,24,0,business,4241,1,3,1,3,1,4,1,36,3,own,3,unskilled - resident,1,2,1
1,4,18,4,car (new),2775,1,4,2,3,1,2,2,31,1,own,2,skilled employee / official,1,1,1
0,4,24,3,business,3863,1,3,1,3,1,2,4,32,3,for free,1,skilled employee / official,1,1,1
0,2,7,2,domestic appliances,2329,1,2,1,2,0,1,1,45,3,own,1,skilled employee / official,1,1,1
1,2,9,2,radio/television,918,1,3,4,2,1,1,2,30,3,own,1,skilled employee / official,1,1,1
1,2,24,1,(vacation - does not exist?),1837,1,4,4,2,1,4,4,34,1,for free,1,unskilled - resident,1,1,1
1,4,36,2,radio/television,3349,1,3,4,2,1,2,3,28,3,own,1,management/ self-employed/ highly qualified employee/ officer,1,2,1
0,3,10,2,radio/television,1275,1,2,4,2,1,2,2,23,3,own,1,skilled employee / official,1,1,1
0,1,24,1,radio/television,2828,3,3,4,3,1,4,1,22,2,own,1,skilled employee / official,1,2,1
0,4,24,4,business,4526,1,3,3,3,1,2,1,74,3,own,1,management/ self-employed/ highly qualified employee/ officer,1,2,1
1,2,36,2,domestic appliances,2671,2,3,4,2,0,4,4,50,3,for free,1,skilled employee / official,1,1,1
0,4,18,2,domestic appliances,2051,1,2,4,3,1,1,1,33,3,own,1,skilled employee / official,1,1,1
0,4,15,2,car (used),1300,5,5,4,3,1,4,4,45,1,for free,1,skilled employee / official,2,1,1
1,1,12,2,repairs,741,2,1,4,2,1,3,2,22,3,own,1,skilled employee / official,1,1,1
1,3,10,2,car (new),1240,2,5,1,2,1,4,4,48,3,for free,1,unskilled - resident,2,1,1
0,1,21,2,domestic appliances,3357,4,2,4,2,1,2,3,29,1,own,1,skilled employee / official,1,1,1
0,1,24,1,car (used),3632,1,3,1,2,0,4,3,22,1,rent,1,skilled employee / official,1,1,2
1,4,18,3,radio/television,1808,1,4,4,2,1,1,1,22,3,own,1,skilled employee / official,1,1,1
0,2,48,0,business,12204,5,3,2,3,1,2,3,48,1,own,1,management/ self-employed/ highly qualified employee/ officer,1,2,1
0,2,60,3,domestic appliances,9157,5,3,2,3,1,2,4,27,3,for free,1,management/ self-employed/ highly qualified employee/ officer,1,1,1
0,1,6,4,car (new),3676,1,3,1,3,1,3,1,37,3,rent,3,skilled employee / official,2,1,1
1,2,30,2,radio/television,3441,2,3,2,2,0,4,3,21,3,rent,1,skilled employee / official,1,1,1
0,4,12,2,car (new),640,1,3,4,1,1,2,1,49,3,own,1,unskilled - resident,1,1,1
0,2,21,4,business,3652,1,4,2,3,1,3,2,27,3,own,2,skilled employee / official,1,1,1
1,4,18,4,car (new),1530,1,3,3,3,1,2,2,32,1,own,2,skilled employee / official,1,1,1
1,4,48,2,business,3914,5,3,4,1,1,2,1,38,1,own,1,skilled employee / official,1,1,1
0,1,12,2,radio/television,1858,1,2,4,2,1,1,3,22,3,rent,1,skilled employee / official,1,1,1
1,1,18,2,domestic appliances,2600,1,3,4,3,1,4,4,65,3,for free,2,skilled employee / official,1,1,1
0,4,15,2,domestic appliances,1979,5,5,4,3,1,2,3,35,3,own,1,skilled employee / official,1,1,1
0,3,6,2,radio/television,2116,1,3,2,3,1,2,1,41,3,own,1,skilled employee / official,1,2,1
1,2,9,1,car (new),1437,2,4,2,3,1,3,4,29,3,own,1,skilled employee / official,1,1,1
0,4,42,4,radio/television,4042,3,3,4,3,1,4,1,36,3,own,2,skilled employee / official,1,2,1
0,4,9,2,(vacation - does not exist?),3832,5,5,1,3,1,4,1,64,3,own,1,unskilled - resident,1,1,1
0,1,24,2,domestic appliances,3660,1,3,2,2,1,4,3,28,3,own,1,skilled employee / official,1,1,1
1,1,18,1,radio/television,1553,1,3,4,3,1,3,3,44,1,own,1,skilled employee / official,1,1,1
0,2,15,2,domestic appliances,1444,5,2,4,3,1,1,2,23,3,own,1,skilled employee / official,1,1,1
1,4,9,2,radio/television,1980,1,2,2,2,0,2,3,19,3,rent,2,skilled employee / official,1,1,1
1,2,24,2,car (new),1355,1,2,3,2,1,4,3,25,3,own,1,unskilled - resident,1,2,1
0,4,12,2,(vacation - does not exist?),1393,1,5,4,3,1,4,2,47,1,own,3,skilled employee / official,2,2,1
0,4,24,2,domestic appliances,1376,3,4,4,2,1,1,3,28,3,own,1,skilled employee / official,1,1,1
0,4,60,3,domestic appliances,15653,1,4,2,3,1,4,3,21,3,own,2,skilled employee / official,1,2,1
0,4,12,2,domestic appliances,1493,1,2,4,2,1,3,3,34,3,own,1,skilled employee / official,2,1,1
1,1,42,3,domestic appliances,4370,1,4,3,3,1,2,2,26,1,own,2,skilled employee / official,2,2,1
1,1,18,2,(vacation - does not exist?),750,1,1,4,2,1,1,1,27,3,own,1,unemployed/ unskilled - non-resident,1,1,1
0,2,15,2,education,1308,1,5,4,3,1,4,3,38,3,own,2,unskilled - resident,1,1,1
1,4,15,2,(vacation - does not exist?),4623,2,3,3,3,1,2,2,40,3,own,1,management/ self-employed/ highly qualified employee/ officer,1,2,1
0,4,24,4,domestic appliances,1851,1,4,4,4,0,2,3,33,3,own,2,skilled employee / official,1,2,1
0,1,18,4,domestic appliances,1880,1,4,4,4,1,1,2,32,3,own,2,management/ self-employed/ highly qualified employee/ officer,1,2,1
1,4,36,3,business,7980,5,2,4,3,1,4,3,27,3,rent,2,skilled employee / official,1,2,1
0,1,30,0,radio/television,4583,1,3,2,1,0,2,1,32,3,own,2,skilled employee / official,1,1,1
1,4,12,2,car (new),1386,3,3,2,2,1,2,2,26,3,own,1,skilled employee / official,1,1,1
1,3,24,2,car (new),947,1,4,4,3,1,3,4,38,1,for free,1,skilled employee / official,2,1,1
1,1,12,2,(vacation - does not exist?),684,1,3,4,3,1,4,3,40,3,rent,1,unskilled - resident,2,1,1
0,1,48,2,(vacation - does not exist?),7476,1,4,4,3,1,1,4,50,3,for free,1,management/ self-employed/ highly qualified employee/ officer,1,2,1
1,2,12,2,radio/television,1922,1,3,4,3,1,2,2,37,3,own,1,unskilled - resident,1,1,1
1,1,24,2,car (new),2303,1,5,4,3,0,1,1,45,3,own,1,skilled employee / official,1,1,1
1,2,36,3,car (new),8086,2,5,2,3,1,4,3,42,3,own,4,management/ self-employed/ highly qualified employee/ officer,1,2,1
0,4,24,4,car (used),2346,1,4,4,3,1,3,3,35,3,own,2,skilled employee / official,1,2,1
0,1,14,2,car (new),3973,1,1,1,3,1,4,4,22,3,for free,1,skilled employee / official,1,1,1
1,2,12,2,car (new),888,1,5,4,3,1,4,3,41,1,own,1,unskilled - resident,2,1,1
0,4,48,2,domestic appliances,10222,5,4,4,3,1,3,3,37,2,own,1,skilled employee / official,1,2,1
0,2,30,0,business,4221,1,3,2,2,1,1,3,28,3,own,2,skilled employee / official,1,1,1
0,2,18,4,radio/television,6361,1,5,2,3,1,1,4,41,3,own,1,skilled employee / official,1,2,1
0,3,12,2,domestic appliances,1297,1,3,3,4,1,4,1,23,3,rent,1,skilled employee / official,1,1,1
1,1,12,2,car (new),900,5,3,4,4,1,2,3,23,3,own,1,skilled employee / official,1,1,1
0,4,21,2,radio/television,2241,1,5,4,3,1,2,1,50,3,own,2,skilled employee / official,1,1,1
0,2,6,3,radio/television,1050,1,1,4,3,1,1,2,35,2,own,2,management/ self-employed/ highly qualified employee/ officer,1,2,1
0,3,6,4,(vacation - does not exist?),1047,1,3,2,2,1,4,2,50,3,own,1,unskilled - resident,1,1,1
0,4,24,4,furniture/equipment,6314,1,1,4,3,0,2,4,27,1,own,2,management/ self-employed/ highly qualified employee/ officer,1,2,1
0,2,30,1,radio/television,3496,4,3,4,3,1,2,3,34,2,own,1,skilled employee / official,2,2,1
0,4,48,1,business,3609,1,3,1,2,1,1,1,27,2,own,1,skilled employee / official,1,1,1
1,1,12,4,car (new),4843,1,5,3,3,0,4,2,43,3,rent,2,skilled employee / official,1,2,1
0,3,30,4,domestic appliances,3017,1,5,4,3,1,4,2,47,3,own,1,skilled employee / official,1,1,1
0,4,24,4,business,4139,2,3,3,3,1,3,2,27,3,own,2,unskilled - resident,1,2,1
0,4,36,2,business,5742,2,4,2,3,1,2,3,31,3,own,2,skilled employee / official,1,2,1
0,4,60,2,car (new),10366,1,5,2,3,1,4,2,42,3,own,1,management/ self-employed/ highly qualified employee/ officer,1,2,1
0,4,6,4,car (new),2080,3,3,1,4,1,2,3,24,3,own,1,skilled employee / official,1,1,1
1,4,21,3,business,2580,3,2,4,3,1,2,1,41,1,own,1,unskilled - resident,2,1,1
0,4,30,4,domestic appliances,4530,1,4,4,2,1,4,3,26,3,rent,1,management/ self-employed/ highly qualified employee/ officer,1,2,1
0,4,24,4,radio/television,5150,1,5,4,3,1,4,3,33,3,own,1,skilled employee / official,1,2,1
1,2,72,2,domestic appliances,5595,2,3,2,4,1,2,3,24,3,own,1,skilled employee / official,1,1,1
0,1,24,2,domestic appliances,2384,1,5,4,3,1,4,1,64,1,rent,1,unskilled - resident,1,1,1
0,4,18,2,domestic appliances,1453,1,2,3,2,1,1,1,26,3,own,1,skilled employee / official,1,1,1
0,4,6,2,(vacation - does not exist?),1538,1,2,1,2,1,2,4,56,3,own,1,skilled employee / official,1,1,1
0,4,12,2,domestic appliances,2279,5,3,4,3,1,4,4,37,3,for free,1,skilled employee / official,1,2,1
0,4,15,3,domestic appliances,1478,1,3,4,4,1,3,1,33,1,own,2,skilled employee / official,1,1,1
0,4,24,4,domestic appliances,5103,1,2,3,4,1,3,4,47,3,for free,3,skilled employee / official,1,2,1
0,2,36,3,business,9857,2,4,1,3,1,3,2,31,3,own,2,unskilled - resident,2,2,1
0,4,60,2,car (new),6527,5,3,4,3,1,4,4,34,3,for free,1,skilled employee / official,2,2,1
0,3,10,4,domestic appliances,1347,5,4,4,3,1,2,2,27,3,own,2,skilled employee / official,1,2,1
0,2,36,3,car (new),2862,2,5,4,3,1,3,4,30,3,for free,1,skilled employee / official,1,1,1
0,4,9,2,domestic appliances,2753,2,5,3,3,0,4,3,35,3,own,1,skilled employee / official,1,2,1
0,1,12,2,car (new),3651,4,3,1,3,1,3,2,31,3,own,1,skilled employee / official,2,1,1
0,1,15,4,radio/television,975,1,3,2,1,1,3,2,25,3,own,2,skilled employee / official,1,1,1
0,2,15,2,education,2631,2,3,3,2,1,2,1,25,3,own,1,unskilled - resident,1,1,1
0,2,24,2,domestic appliances,2896,2,2,2,3,1,1,3,29,3,own,1,skilled employee / official,1,1,1
0,1,6,4,car (new),4716,5,2,1,3,1,3,1,44,3,own,2,unskilled - resident,2,1,1
0,4,24,2,domestic appliances,2284,1,4,4,3,1,2,3,28,3,own,1,skilled employee / official,1,2,1
0,4,6,2,car (used),1236,3,3,2,3,1,4,2,50,3,rent,1,skilled employee / official,1,1,1
0,2,12,2,domestic appliances,1103,1,4,4,3,0,3,1,29,3,own,2,skilled employee / official,1,1,2
0,4,12,4,car (new),926,1,1,1,2,1,2,2,38,3,own,1,unemployed/ unskilled - non-resident,1,1,1
0,4,18,4,domestic appliances,1800,1,3,4,3,1,2,3,24,3,own,2,skilled employee / official,1,1,1
0,3,15,2,(vacation - does not exist?),1905,1,5,4,3,1,4,3,40,3,rent,1,management/ self-employed/ highly qualified employee/ officer,1,2,1
1,4,12,2,radio/television,1123,3,3,4,2,1,4,3,29,3,rent,1,unskilled - resident,1,1,1
1,1,48,4,car (used),6331,1,5,4,3,1,4,4,46,3,for free,2,skilled employee / official,1,2,1
0,3,24,2,domestic appliances,1377,2,5,4,2,1,2,4,47,3,for free,1,skilled employee / official,1,2,1
0,2,30,3,business,2503,2,5,4,3,1,2,2,41,2,own,2,skilled employee / official,1,1,1
0,2,27,2,business,2528,1,2,4,2,1,1,2,32,3,own,1,skilled employee / official,2,2,1
0,4,15,2,car (new),5324,3,5,1,2,1,4,4,35,3,for free,1,skilled employee / official,1,1,1
1,2,48,2,car (new),6560,2,4,3,3,1,2,2,24,3,own,1,skilled employee / official,1,1,1
1,2,12,0,radio/television,2969,1,2,4,2,1,3,2,25,3,rent,2,skilled employee / official,1,1,1
0,2,9,2,domestic appliances,1206,1,5,4,2,1,4,1,25,3,own,1,skilled employee / official,1,1,1
0,2,9,2,domestic appliances,2118,1,3,2,3,1,2,1,37,3,own,1,unskilled - resident,2,1,1
0,4,18,4,domestic appliances,629,3,5,4,3,1,3,2,32,1,own,2,management/ self-employed/ highly qualified employee/ officer,1,2,1
1,1,6,1,(vacation - does not exist?),1198,1,5,4,2,1,4,4,35,3,for free,1,skilled employee / official,1,1,1
0,4,21,2,car (used),2476,5,5,4,3,1,4,1,46,3,own,1,management/ self-employed/ highly qualified employee/ officer,1,2,1
0,1,9,4,domestic appliances,1138,1,3,4,3,1,4,1,25,3,own,2,unskilled - resident,1,1,1
1,2,60,2,car (new),14027,1,4,4,3,1,2,4,27,3,own,1,management/ self-employed/ highly qualified employee/ officer,1,2,1
0,4,30,4,car (used),7596,5,5,1,3,1,4,3,63,3,own,2,skilled employee / official,1,1,1
0,4,30,4,domestic appliances,3077,5,5,3,3,1,2,3,40,3,own,2,skilled employee / official,2,2,1
0,4,18,2,domestic appliances,1505,1,3,4,3,1,2,4,32,3,for free,1,management/ self-employed/ highly qualified employee/ officer,1,2,1
0,3,24,4,domestic appliances,3148,5,3,3,3,1,2,3,31,3,own,2,skilled employee / official,1,2,1
0,2,20,0,car (used),6148,2,5,3,4,1,4,3,31,1,own,2,skilled employee / official,1,2,1
1,3,9,0,domestic appliances,1337,1,2,4,3,1,2,3,34,3,own,2,management/ self-employed/ highly qualified employee/ officer,1,2,1
1,2,6,1,(vacation - does not exist?),433,4,2,4,2,1,2,2,24,1,rent,1,skilled employee / official,2,1,1
1,1,12,2,car (new),1228,1,3,4,2,1,2,1,24,3,own,1,unskilled - resident,1,1,1
0,2,9,2,domestic appliances,790,3,3,4,2,1,3,1,66,3,own,1,unskilled - resident,1,1,1
1,4,27,2,car (new),2570,1,3,3,2,1,3,1,21,3,rent,1,skilled employee / official,1,1,1
0,4,6,4,car (new),250,4,3,2,2,1,2,1,41,1,own,2,unskilled - resident,1,1,1
0,4,15,4,domestic appliances,1316,3,3,2,4,1,2,2,47,3,own,2,unskilled - resident,1,1,1
1,1,18,2,domestic appliances,1882,1,3,4,2,1,4,3,25,1,rent,2,skilled employee / official,1,1,1
1,2,48,1,business,6416,1,5,4,2,1,3,4,59,3,rent,1,skilled employee / official,1,1,1
0,3,24,4,business,1275,4,3,2,1,1,4,1,36,3,own,2,skilled employee / official,1,2,1
0,2,24,3,domestic appliances,6403,1,2,1,3,1,2,3,33,3,own,1,skilled employee / official,1,1,1
1,1,24,2,domestic appliances,1987,1,3,2,3,1,4,1,21,3,rent,1,unskilled - resident,2,1,1
0,2,8,2,domestic appliances,760,1,4,4,2,0,2,1,44,3,own,1,unskilled - resident,1,1,1
0,4,24,2,car (used),2603,4,3,2,2,1,4,3,28,3,rent,1,skilled employee / official,1,2,1
0,4,4,4,car (new),3380,1,4,1,2,1,1,1,37,3,own,1,skilled employee / official,2,1,1
0,2,36,1,repairs,3990,5,2,3,2,1,2,4,29,1,own,1,unemployed/ unskilled - non-resident,1,1,1
1,2,24,2,car (used),11560,1,3,1,2,1,4,3,23,3,rent,2,management/ self-employed/ highly qualified employee/ officer,1,1,1
0,1,18,2,car (new),4380,2,3,3,3,1,4,3,35,3,own,1,unskilled - resident,2,2,1
0,4,6,4,car (new),6761,1,4,1,3,1,3,4,45,3,own,2,management/ self-employed/ highly qualified employee/ officer,2,2,1
1,2,30,0,business,4280,2,3,4,2,1,4,3,26,3,rent,2,unskilled - resident,1,1,1
0,1,24,1,car (new),2325,2,4,2,3,1,3,3,32,1,own,1,skilled employee / official,1,1,1
0,2,10,1,domestic appliances,1048,1,3,4,3,1,4,1,23,2,own,1,unskilled - resident,1,1,1
0,4,21,2,domestic appliances,3160,5,5,4,3,1,3,2,41,3,own,1,skilled employee / official,1,2,1
0,1,24,1,radio/television,2483,3,3,4,3,1,4,1,22,2,own,1,skilled employee / official,1,2,1
0,1,39,4,radio/television,14179,5,4,4,3,1,4,2,30,3,own,2,management/ self-employed/ highly qualified employee/ officer,1,2,1
0,1,13,4,business,1797,1,2,3,3,1,1,2,28,1,own,2,unskilled - resident,1,1,1
0,1,15,2,car (new),2511,1,1,1,2,1,4,3,23,3,rent,1,skilled employee / official,1,1,1
1,1,12,2,car (new),1274,1,2,3,2,1,1,1,37,3,own,1,unskilled - resident,1,1,1
0,4,21,2,car (used),5248,5,3,1,3,1,3,3,26,3,own,1,skilled employee / official,1,1,1
0,4,15,2,car (used),3029,1,4,2,3,1,2,3,33,3,own,1,skilled employee / official,1,1,1
0,1,6,2,radio/television,428,1,5,2,2,1,1,2,49,1,own,1,skilled employee / official,1,2,1
1,1,18,2,car (new),976,1,2,1,2,1,2,3,23,3,own,1,unskilled - resident,1,1,1
0,2,12,2,business,841,2,4,2,2,1,4,1,23,3,rent,1,unskilled - resident,1,1,1
0,4,30,4,domestic appliances,5771,1,4,4,2,1,2,3,25,3,own,2,skilled employee / official,1,1,1
1,4,12,3,education,1555,4,5,4,3,1,4,4,55,3,for free,2,skilled employee / official,2,1,1
1,1,24,2,car (new),1285,5,4,4,2,1,4,4,32,3,rent,1,skilled employee / official,1,1,1
0,3,6,4,car (new),1299,1,3,1,3,1,1,1,74,3,own,3,unemployed/ unskilled - non-resident,2,1,2
1,3,15,4,domestic appliances,1271,5,3,3,3,1,4,4,39,3,for free,2,skilled employee / official,1,2,1
0,4,24,2,car (new),1393,1,3,2,3,0,2,1,31,3,own,1,skilled employee / official,1,2,1
1,1,12,4,car (new),691,1,5,4,3,1,3,2,35,3,own,2,skilled employee / official,1,1,1
0,4,15,4,car (new),5045,5,5,1,2,1,4,3,59,3,own,1,skilled employee / official,1,2,1
1,1,18,4,radio/television,2124,1,3,4,2,1,4,1,24,3,rent,2,skilled employee / official,1,1,1
0,1,12,2,domestic appliances,2214,1,3,4,3,1,3,2,24,3,own,1,unskilled - resident,1,1,1
1,4,21,4,car (new),12680,5,5,4,3,1,4,4,30,3,for free,1,management/ self-employed/ highly qualified employee/ officer,1,2,1
0,4,24,4,car (new),2463,2,4,4,4,1,3,2,27,3,own,2,skilled employee / official,1,2,1
0,2,12,2,domestic appliances,1155,1,5,3,4,0,3,1,40,1,own,2,unskilled - resident,1,1,1
1,1,30,2,radio/television,3108,1,2,2,1,1,4,2,31,3,own,1,unskilled - resident,1,1,1
0,4,10,2,car (used),2901,5,2,1,2,1,4,1,31,3,rent,1,skilled employee / official,1,1,1
0,2,12,4,radio/television,3617,1,5,1,3,1,4,3,28,3,rent,3,skilled employee / official,1,2,1
0,4,12,4,domestic appliances,1655,1,5,2,3,1,4,1,63,3,own,2,unskilled - resident,1,2,1
0,1,24,2,car (used),2812,5,5,2,2,1,4,1,26,3,rent,1,skilled employee / official,1,1,1
1,1,36,4,(vacation - does not exist?),8065,1,3,3,2,1,2,4,25,3,own,2,management/ self-employed/ highly qualified employee/ officer,1,2,1
0,4,21,4,car (used),3275,1,5,1,3,1,4,3,36,3,own,1,management/ self-employed/ highly qualified employee/ officer,1,2,1
0,4,24,4,domestic appliances,2223,2,5,4,3,1,4,2,52,1,own,2,skilled employee / official,1,1,1
0,3,12,4,car (new),1480,3,1,2,3,1,4,4,66,1,for free,3,unemployed/ unskilled - non-resident,1,1,1
1,1,24,2,car (new),1371,5,3,4,2,1,4,1,25,3,rent,1,skilled employee / official,1,1,1
0,4,36,4,car (new),3535,1,4,4,3,1,4,3,37,3,own,2,skilled employee / official,1,2,1
0,1,18,2,domestic appliances,3509,1,4,4,2,0,1,1,25,3,own,1,skilled employee / official,1,1,1
0,4,36,4,car (used),5711,4,5,4,3,1,2,3,38,3,own,2,management/ self-employed/ highly qualified employee/ officer,1,2,1
0,2,18,2,education,3872,1,1,2,2,1,4,3,67,3,own,1,skilled employee / official,1,2,1
1,2,39,4,domestic appliances,4933,1,4,2,3,0,2,1,25,3,own,2,skilled employee / official,1,1,1
0,4,24,4,car (new),1940,4,5,4,3,1,4,1,60,3,own,1,skilled employee / official,1,2,1
0,2,12,0,retraining,1410,1,3,2,3,1,2,1,31,3,own,1,unskilled - resident,1,2,1
1,2,12,2,car (new),836,2,2,4,2,1,2,2,23,1,own,1,unskilled - resident,1,1,1
0,2,20,2,car (used),6468,5,1,1,1,1,4,1,60,3,own,1,management/ self-employed/ highly qualified employee/ officer,1,2,1
0,2,18,2,business,1941,4,3,4,3,1,2,2,35,3,own,1,unskilled - resident,1,2,1
0,4,22,2,domestic appliances,2675,3,5,3,3,1,4,3,40,3,own,1,skilled employee / official,1,1,1
0,4,48,4,car (used),2751,5,5,4,3,1,3,3,38,3,own,2,skilled employee / official,2,2,1
1,2,48,3,(vacation - does not exist?),6224,1,5,4,3,1,4,4,50,3,for free,1,skilled employee / official,1,1,1
1,1,40,4,(vacation - does not exist?),5998,1,3,4,3,1,3,4,27,1,own,1,skilled employee / official,1,2,1
1,2,21,2,business,1188,1,5,2,2,1,4,2,39,3,own,1,skilled employee / official,2,1,1
0,4,24,2,car (used),6313,5,5,3,3,1,4,3,41,3,own,1,management/ self-employed/ highly qualified employee/ officer,2,2,1
0,4,6,4,radio/television,1221,5,3,1,4,1,2,2,27,3,own,2,skilled employee / official,1,1,1
0,3,24,2,radio/television,2892,1,5,3,1,1,4,4,51,3,for free,1,skilled employee / official,1,1,1
0,4,24,2,radio/television,3062,3,5,4,3,1,3,4,32,3,rent,1,skilled employee / official,1,2,1
0,4,9,2,radio/television,2301,2,2,2,2,1,4,2,22,3,rent,1,skilled employee / official,1,1,1
1,1,18,2,car (used),7511,5,5,1,3,1,4,2,51,3,for free,1,skilled employee / official,2,2,1
0,4,12,4,radio/television,1258,1,2,2,2,1,4,2,22,3,rent,2,unskilled - resident,1,1,1
0,4,24,3,car (new),717,5,5,4,4,1,4,3,54,3,own,2,skilled employee / official,1,2,1
0,2,9,2,car (new),1549,5,2,4,3,1,2,1,35,3,own,1,unemployed/ unskilled - non-resident,1,1,1
0,4,24,4,(vacation - does not exist?),1597,1,5,4,3,1,4,4,54,3,for free,2,skilled employee / official,2,1,1
0,2,18,4,domestic appliances,1795,1,5,3,2,0,4,1,48,1,rent,2,unskilled - resident,1,2,1
0,1,20,4,radio/television,4272,1,5,1,2,1,4,2,24,3,own,2,skilled employee / official,1,1,1
0,4,12,4,domestic appliances,976,5,5,4,3,1,4,3,35,3,own,2,skilled employee / official,1,1,1
0,2,12,2,car (new),7472,5,1,1,2,1,2,1,24,3,rent,1,unemployed/ unskilled - non-resident,1,1,1
1,1,36,2,car (new),9271,1,4,2,3,1,1,3,24,3,own,1,skilled employee / official,1,2,1
0,2,6,2,domestic appliances,590,1,2,3,4,1,3,1,26,3,own,1,unskilled - resident,1,1,2
0,4,12,4,domestic appliances,930,5,5,4,3,1,4,1,65,3,own,4,skilled employee / official,1,1,1
0,2,42,1,car (used),9283,1,1,1,3,1,2,4,55,1,for free,1,management/ self-employed/ highly qualified employee/ officer,1,2,1
1,2,15,0,car (new),1778,1,2,2,2,1,1,1,26,3,rent,2,unemployed/ unskilled - non-resident,1,1,1
0,2,8,2,business,907,1,2,3,4,1,2,1,26,3,own,1,skilled employee / official,1,2,1
0,2,6,2,domestic appliances,484,1,4,3,4,0,3,1,28,1,own,1,unskilled - resident,1,1,1
1,1,36,4,car (used),9629,1,4,4,3,1,4,3,24,3,own,2,skilled employee / official,1,2,1
1,1,48,2,repairs,3051,1,3,3,3,1,4,3,54,3,own,1,skilled employee / official,1,1,1
1,1,48,2,car (new),3931,1,4,4,3,1,4,4,46,3,for free,1,skilled employee / official,2,1,1
0,2,36,3,car (new),7432,1,3,2,2,1,2,2,54,3,rent,1,skilled employee / official,1,1,1
0,4,6,2,repairs,1338,3,3,1,1,1,4,1,62,3,own,1,skilled employee / official,1,1,1
0,4,6,4,domestic appliances,1554,1,4,1,2,1,2,3,24,3,rent,2,skilled employee / official,1,2,1
0,1,36,2,furniture/equipment,15857,1,1,2,1,0,3,3,43,3,own,1,management/ self-employed/ highly qualified employee/ officer,1,1,1
1,1,18,2,domestic appliances,1345,1,3,4,4,1,3,1,26,1,own,1,skilled employee / official,1,1,1
0,4,12,2,car (new),1101,1,3,3,4,1,2,1,27,3,own,2,skilled employee / official,1,2,1
0,3,12,2,domestic appliances,3016,1,3,3,4,1,1,3,24,3,own,1,skilled employee / official,1,1,1
1,1,36,2,radio/television,2712,1,5,2,3,1,2,2,41,1,own,1,skilled employee / official,2,1,1
0,1,8,4,car (new),731,1,5,4,3,1,4,1,47,3,own,2,unskilled - resident,1,1,1
0,4,18,4,radio/television,3780,1,2,3,1,1,2,3,35,3,own,2,management/ self-employed/ highly qualified employee/ officer,1,2,1
0,1,21,4,car (new),1602,1,5,4,4,1,3,3,30,3,own,2,skilled employee / official,1,2,1
1,1,18,4,car (new),3966,1,5,1,2,1,4,1,33,1,rent,3,skilled employee / official,1,2,1
1,4,18,0,business,4165,1,3,2,3,1,2,3,36,2,own,2,skilled employee / official,2,1,1
1,1,36,2,car (used),8335,5,5,3,3,1,4,4,47,3,for free,1,skilled employee / official,1,1,1
0,2,48,3,business,6681,5,3,4,3,1,4,4,38,3,for free,1,skilled employee / official,2,2,1
0,4,24,3,business,2375,3,3,4,3,1,2,3,44,3,own,2,skilled employee / official,2,2,1
1,1,18,2,car (new),1216,1,2,4,2,1,3,3,23,3,rent,1,skilled employee / official,1,2,1
1,1,45,0,business,11816,1,5,2,3,1,4,3,29,3,rent,2,skilled employee / official,1,1,1
0,2,24,2,domestic appliances,5084,5,5,2,2,1,4,3,42,3,own,1,skilled employee / official,1,2,1
1,3,15,2,domestic appliances,2327,1,2,2,2,1,3,1,25,3,own,1,unskilled - resident,1,1,1
1,1,12,0,car (new),1082,1,3,4,3,1,4,3,48,1,own,2,skilled employee / official,1,1,1
0,4,12,2,domestic appliances,886,5,3,4,2,1,2,3,21,3,own,1,skilled employee / official,1,1,1
0,4,4,2,radio/television,601,1,2,1,2,1,3,1,23,3,rent,1,unskilled - resident,2,1,1
0,1,24,4,car (used),2957,1,5,4,3,1,4,2,63,3,own,2,skilled employee / official,1,2,1
0,4,24,4,domestic appliances,2611,1,5,4,4,0,3,1,46,3,own,2,skilled employee / official,1,1,1
1,1,36,2,radio/television,5179,1,4,4,3,1,2,2,29,3,own,1,skilled employee / official,1,1,1
0,4,21,3,car (used),2993,1,3,3,3,1,2,1,28,2,own,2,unskilled - resident,1,1,1
1,4,18,2,education,1943,1,2,4,2,1,4,1,23,3,own,1,skilled employee / official,1,1,1
0,4,24,1,business,1559,1,4,4,3,1,4,3,50,1,own,1,skilled employee / official,1,2,1
0,4,18,2,radio/television,3422,1,5,4,3,1,4,2,47,1,own,3,skilled employee / official,2,2,1
0,2,21,2,radio/television,3976,5,4,2,3,1,3,3,35,3,own,1,skilled employee / official,1,2,1
1,4,18,2,car (new),6761,5,3,2,3,1,4,3,68,3,rent,2,skilled employee / official,1,1,1
0,4,24,2,car (new),1249,1,2,4,4,1,2,1,28,3,own,1,skilled employee / official,1,1,1
0,1,9,2,domestic appliances,1364,1,4,3,3,1,4,1,59,3,own,1,skilled employee / official,1,1,1
1,1,12,2,domestic appliances,709,1,5,4,3,1,4,1,57,2,own,1,unskilled - resident,1,1,1
1,1,20,4,car (new),2235,1,3,4,4,0,2,2,33,1,rent,2,skilled employee / official,1,1,2
0,4,24,4,car (used),4042,5,4,3,3,1,4,2,43,3,own,2,skilled employee / official,1,2,1
0,4,15,4,domestic appliances,1471,1,3,4,3,1,4,4,35,3,for free,2,skilled employee / official,1,2,1
1,1,18,1,car (new),1442,1,4,4,3,1,4,4,32,3,for free,2,unskilled - resident,2,1,1
0,4,36,3,car (new),10875,1,5,2,3,1,2,3,45,3,own,2,skilled employee / official,2,2,1
0,4,24,2,car (new),1474,2,2,4,4,1,3,1,33,3,own,1,skilled employee / official,1,2,1
0,4,10,2,retraining,894,5,4,4,2,1,3,2,40,3,own,1,skilled employee / official,1,2,1
0,4,15,4,radio/television,3343,1,3,4,3,1,2,4,28,3,for free,1,skilled employee / official,1,2,1
1,1,15,2,car (new),3959,1,3,3,2,1,2,2,29,3,own,1,skilled employee / official,1,2,1
0,4,9,2,car (new),3577,2,3,1,3,0,2,1,26,3,rent,1,skilled employee / official,2,1,2
0,4,24,4,car (used),5804,4,3,4,3,1,2,1,27,3,own,2,skilled employee / official,1,1,1
1,4,18,3,business,2169,1,3,4,4,1,2,3,28,3,own,1,skilled employee / official,1,2,1
1,1,24,2,domestic appliances,2439,1,2,4,2,1,4,1,35,3,own,1,skilled employee / official,1,2,1
0,4,27,4,radio/television,4526,4,2,4,3,1,2,1,32,2,own,2,unskilled - resident,2,2,1
1,4,10,2,radio/television,2210,1,3,2,3,1,2,1,25,1,rent,1,unskilled - resident,1,1,1
0,4,15,2,radio/television,2221,3,3,2,2,1,4,3,20,3,rent,1,skilled employee / official,1,1,1
0,1,18,2,domestic appliances,2389,1,2,4,2,1,1,3,27,2,own,1,skilled employee / official,1,1,1
0,4,12,4,radio/television,3331,1,5,2,3,1,4,2,42,2,own,1,skilled employee / official,1,1,1
0,4,36,2,business,7409,5,5,3,3,1,2,2,37,3,own,2,skilled employee / official,1,1,1
0,1,12,2,radio/television,652,1,5,4,2,1,4,2,24,3,rent,1,skilled employee / official,1,1,1
0,4,36,3,radio/television,7678,3,4,2,2,1,4,3,40,3,own,2,skilled employee / official,1,2,1
0,3,6,4,car (new),1343,1,5,1,3,1,4,1,46,3,own,2,skilled employee / official,2,1,2
0,1,24,4,business,1382,2,4,4,3,1,1,1,26,3,own,2,skilled employee / official,1,2,1
0,4,15,2,repairs,874,5,2,4,2,1,1,1,24,3,own,1,skilled employee / official,1,1,1
0,1,12,2,radio/television,3590,1,3,2,3,0,2,2,29,3,own,1,unskilled - resident,2,1,1
0,2,11,4,car (new),1322,4,3,4,2,1,4,3,40,3,own,2,skilled employee / official,1,1,1
0,1,18,1,domestic appliances,1940,1,2,3,3,0,4,4,36,1,for free,1,management/ self-employed/ highly qualified employee/ officer,1,2,1
0,4,36,2,domestic appliances,3595,1,5,4,3,1,2,3,28,3,own,1,skilled employee / official,1,1,1
1,1,9,2,car (new),1422,1,2,3,3,1,2,4,27,3,for free,1,management/ self-employed/ highly qualified employee/ officer,1,2,1
0,4,30,4,domestic appliances,6742,5,4,2,3,1,3,2,36,3,own,2,skilled employee / official,1,1,1
0,4,24,2,car (used),7814,1,4,3,3,1,3,3,38,3,own,1,management/ self-employed/ highly qualified employee/ officer,1,2,1
0,4,24,2,car (used),9277,5,3,2,1,1,4,4,48,3,for free,1,skilled employee / official,1,2,1
0,2,30,4,car (new),2181,5,5,4,3,1,4,1,36,3,own,2,skilled employee / official,1,1,1
0,4,18,4,domestic appliances,1098,1,1,4,2,1,4,3,65,3,own,2,unemployed/ unskilled - non-resident,1,1,1
1,2,24,2,radio/television,4057,1,4,3,1,1,3,3,43,3,own,1,skilled employee / official,1,2,1
1,1,12,2,(vacation - does not exist?),795,1,2,4,2,1,4,2,53,3,own,1,skilled employee / official,1,1,1
0,2,24,4,business,2825,5,4,4,3,1,3,4,34,3,own,2,skilled employee / official,2,2,1
1,2,48,2,business,15672,1,3,2,3,1,2,3,23,3,own,1,skilled employee / official,1,2,1
0,4,36,4,car (new),6614,1,5,4,3,1,4,3,34,3,own,2,management/ self-employed/ highly qualified employee/ officer,1,2,1
0,4,28,1,car (used),7824,5,2,3,3,0,4,1,40,1,rent,2,skilled employee / official,2,2,1
0,1,27,4,business,2442,1,5,4,3,1,4,3,43,2,own,4,management/ self-employed/ highly qualified employee/ officer,2,2,1
0,4,15,4,domestic appliances,1829,1,5,4,3,1,4,3,46,3,own,2,skilled employee / official,1,2,1
0,1,12,4,car (new),2171,1,3,4,3,1,4,2,38,1,own,2,unskilled - resident,1,1,2
0,2,36,4,car (used),5800,1,3,3,3,1,4,3,34,3,own,2,skilled employee / official,1,2,1
0,4,18,4,domestic appliances,1169,5,3,4,3,1,3,2,29,3,own,2,skilled employee / official,1,2,1
0,4,36,3,car (used),8947,5,4,3,3,1,2,3,31,2,own,1,management/ self-employed/ highly qualified employee/ officer,2,2,1
0,1,21,2,domestic appliances,2606,1,2,4,2,1,4,2,28,3,rent,1,management/ self-employed/ highly qualified employee/ officer,1,2,1
0,4,12,4,radio/television,1592,4,4,3,2,1,2,2,35,3,own,1,skilled employee / official,1,1,2
0,4,15,2,radio/television,2186,5,4,1,2,1,4,1,33,1,rent,1,unskilled - resident,1,1,1
1,1,18,2,radio/television,4153,1,3,2,3,0,3,3,42,3,own,1,skilled employee / official,1,1,1
1,1,16,4,car (new),2625,1,5,2,3,0,4,2,43,1,rent,1,skilled employee / official,1,2,1
0,4,20,4,car (new),3485,5,2,2,1,1,4,1,44,3,own,2,skilled employee / official,1,2,1
0,4,36,4,car (used),10477,5,5,2,3,1,4,4,42,3,for free,2,skilled employee / official,1,1,1
0,4,15,2,domestic appliances,1386,5,3,4,4,1,2,1,40,3,rent,1,skilled employee / official,1,2,1
0,4,24,2,domestic appliances,1278,1,5,4,3,1,1,1,36,3,own,1,management/ self-employed/ highly qualified employee/ officer,1,2,1
0,1,12,2,domestic appliances,1107,1,3,2,3,1,2,1,20,3,rent,1,management/ self-employed/ highly qualified employee/ officer,2,2,1
0,1,21,2,car (new),3763,5,4,2,3,0,2,1,24,3,own,1,unskilled - resident,1,1,2
0,2,36,2,(vacation - does not exist?),3711,5,3,2,4,1,2,3,27,3,own,1,skilled employee / official,1,1,1
0,4,15,3,car (used),3594,1,2,1,2,1,2,2,46,3,own,2,unskilled - resident,1,1,1
0,2,9,2,car (new),3195,5,3,1,2,1,2,1,33,3,own,1,unskilled - resident,1,1,1
0,4,36,3,domestic appliances,4454,1,3,4,2,1,4,1,34,3,own,2,skilled employee / official,1,1,1
1,2,24,4,radio/television,4736,1,2,2,2,1,4,3,25,1,own,1,unskilled - resident,1,1,1
0,2,30,2,domestic appliances,2991,5,5,2,2,1,4,3,25,3,own,1,skilled employee / official,1,1,1
0,4,11,2,business,2142,4,5,1,1,1,2,1,28,3,own,1,skilled employee / official,1,2,1
1,1,24,1,business,3161,1,3,4,3,1,2,2,31,3,rent,1,skilled employee / official,1,2,1
1,2,48,0,furniture/equipment,18424,1,3,1,2,1,2,2,32,1,own,1,management/ self-employed/ highly qualified employee/ officer,1,2,2
0,4,10,2,car (used),2848,2,3,1,3,0,2,1,32,3,own,1,skilled employee / official,2,1,1
1,1,6,2,car (new),14896,1,5,1,3,1,4,4,68,1,own,1,management/ self-employed/ highly qualified employee/ officer,1,2,1
1,1,24,2,radio/television,2359,2,1,1,1,1,1,2,33,3,own,1,skilled employee / official,1,1,1
1,1,24,2,radio/television,3345,1,5,4,3,1,2,2,39,3,rent,1,management/ self-employed/ highly qualified employee/ officer,1,2,1
0,4,18,4,radio/television,1817,1,3,4,2,1,2,4,28,3,own,2,skilled employee / official,1,1,1
0,4,48,3,domestic appliances,12749,3,4,4,3,1,1,3,37,3,own,1,management/ self-employed/ highly qualified employee/ officer,1,2,1
1,1,9,2,domestic appliances,1366,1,2,3,2,1,4,2,22,3,rent,1,skilled employee / official,1,1,1
0,2,12,2,car (new),2002,1,4,3,3,1,4,2,30,3,rent,1,skilled employee / official,2,2,1
1,1,24,1,radio/television,6872,1,2,2,1,1,1,2,55,1,own,1,skilled employee / official,1,2,1
1,1,12,1,car (new),697,1,2,4,3,1,2,3,46,1,own,2,skilled employee / official,1,2,1
0,1,18,4,radio/television,1049,1,2,4,2,1,4,2,21,3,rent,1,skilled employee / official,1,1,1
1,1,48,2,car (used),10297,1,4,4,3,1,4,4,39,2,for free,3,skilled employee / official,2,2,1
0,4,30,2,domestic appliances,1867,5,5,4,3,1,4,3,58,3,own,1,skilled employee / official,1,2,1
0,1,12,3,car (new),1344,1,3,4,3,1,2,1,43,3,own,2,unskilled - resident,2,1,1
0,1,24,2,radio/television,1747,1,2,4,3,0,1,2,24,3,own,1,unskilled - resident,1,1,2
1,2,9,2,domestic appliances,1670,1,2,4,2,1,2,3,22,3,own,1,skilled employee / official,1,2,1
0,4,9,4,car (new),1224,1,3,3,3,1,1,1,30,3,own,2,skilled employee / official,1,1,1
0,4,12,4,domestic appliances,522,3,5,4,3,1,4,2,42,3,own,2,skilled employee / official,2,2,1
0,1,12,2,domestic appliances,1498,1,3,4,2,1,1,3,23,1,own,1,skilled employee / official,1,1,1
1,2,30,3,domestic appliances,1919,2,2,4,3,1,3,4,30,2,own,2,management/ self-employed/ highly qualified employee/ officer,1,1,1
1,3,9,2,domestic appliances,745,1,3,3,2,1,2,1,28,3,own,1,unskilled - resident,1,1,1
0,2,6,2,domestic appliances,2063,1,2,4,4,1,3,3,30,3,rent,1,management/ self-employed/ highly qualified employee/ officer,1,2,1
1,2,60,2,(vacation - does not exist?),6288,1,3,4,3,1,4,4,42,3,for free,1,skilled employee / official,1,1,1
0,4,24,4,car (used),6842,5,3,2,3,1,4,2,46,3,own,2,management/ self-employed/ highly qualified employee/ officer,2,2,1
0,4,12,2,car (new),3527,5,2,2,3,1,3,2,45,3,own,1,management/ self-employed/ highly qualified employee/ officer,2,2,1
0,4,10,2,car (new),1546,1,3,3,3,1,2,1,31,3,own,1,unskilled - resident,2,1,2
0,4,24,2,radio/television,929,5,4,4,3,1,2,3,31,2,own,1,skilled employee / official,1,2,1
0,4,4,4,car (new),1455,1,4,2,3,1,1,1,42,3,own,3,unskilled - resident,2,1,1
0,1,15,2,radio/television,1845,1,2,4,2,0,1,2,46,3,rent,1,skilled employee / official,1,1,1
0,2,48,0,car (new),8358,3,2,1,2,1,1,3,30,3,own,2,skilled employee / official,1,1,1
1,1,24,1,radio/television,3349,3,2,4,3,1,4,4,30,3,for free,1,skilled employee / official,2,2,1
0,4,12,2,car (new),2859,5,1,4,3,1,4,4,38,3,own,1,management/ self-employed/ highly qualified employee/ officer,1,2,1
1,4,18,2,radio/television,1533,1,2,4,4,0,1,2,43,3,own,1,unskilled - resident,2,1,1
1,4,24,2,domestic appliances,3621,2,5,2,3,1,4,3,31,3,own,2,skilled employee / official,1,1,1
0,2,18,4,business,3590,1,1,3,4,1,3,3,40,3,own,3,unemployed/ unskilled - non-resident,2,2,1
1,1,36,3,business,2145,1,4,2,3,1,1,3,24,3,own,2,skilled employee / official,1,2,1
1,2,24,2,car (used),4113,3,2,3,2,1,4,3,28,3,rent,1,skilled employee / official,1,1,1
1,4,36,2,radio/television,10974,1,1,4,2,1,2,3,26,3,own,2,management/ self-employed/ highly qualified employee/ officer,1,2,1
0,1,12,2,car (new),1893,1,3,4,2,0,4,2,29,3,own,1,skilled employee / official,1,2,1
0,1,24,4,domestic appliances,1231,4,5,4,2,1,4,2,57,3,rent,2,management/ self-employed/ highly qualified employee/ officer,1,2,1
0,3,30,4,domestic appliances,3656,5,5,4,3,1,4,2,49,2,own,2,unskilled - resident,1,1,1
0,2,9,4,domestic appliances,1154,1,5,2,3,1,4,1,37,3,own,3,unskilled - resident,1,1,1
1,1,28,2,car (new),4006,1,3,3,3,1,2,3,45,3,own,1,unskilled - resident,1,1,1
0,2,24,2,radio/television,3069,2,5,4,3,1,4,4,30,3,for free,1,skilled employee / official,1,1,1
0,4,6,4,domestic appliances,1740,1,5,2,4,1,2,1,30,3,rent,2,skilled employee / official,1,1,1
0,2,21,3,car (new),2353,1,3,1,1,1,4,2,47,3,own,2,skilled employee / official,1,1,1
0,4,15,2,car (new),3556,5,3,3,3,1,2,4,29,3,own,1,skilled employee / official,1,1,1
1,4,24,2,domestic appliances,2397,3,5,3,3,1,2,3,35,1,own,2,skilled employee / official,1,2,1
0,2,6,2,education,454,1,2,3,4,1,1,2,22,3,own,1,unskilled - resident,1,1,1
0,2,30,2,domestic appliances,1715,5,3,4,2,1,1,3,26,3,own,1,skilled employee / official,1,1,1
1,2,27,4,domestic appliances,2520,3,3,4,3,1,2,2,23,3,own,2,unskilled - resident,1,1,1
0,4,15,2,domestic appliances,3568,1,5,4,2,1,2,3,54,1,rent,1,management/ self-employed/ highly qualified employee/ officer,1,2,1
0,4,42,2,domestic appliances,7166,5,4,2,4,1,4,2,29,3,rent,1,skilled employee / official,1,2,1
0,1,11,4,car (new),3939,1,3,1,3,1,2,1,40,3,own,2,unskilled - resident,2,1,1
0,2,15,2,education,1514,2,3,4,3,0,2,1,22,3,own,1,skilled employee / official,1,1,1
0,4,24,2,car (new),7393,1,3,1,3,1,4,2,43,3,own,1,unskilled - resident,2,1,1
1,1,24,1,car (new),1193,1,1,1,2,0,4,4,29,3,rent,2,unemployed/ unskilled - non-resident,1,1,1
1,1,60,2,business,7297,1,5,4,3,0,4,4,36,3,rent,1,skilled employee / official,1,1,1
0,4,30,4,domestic appliances,2831,1,3,4,2,1,2,3,33,3,own,1,skilled employee / official,1,2,1
0,3,24,2,domestic appliances,1258,3,3,3,2,1,3,3,57,3,own,1,unskilled - resident,1,1,1
0,2,6,2,domestic appliances,753,1,3,2,2,0,3,1,64,3,own,1,skilled employee / official,1,1,1
0,2,18,3,business,2427,5,5,4,3,1,2,2,42,3,own,2,skilled employee / official,1,1,1
1,4,24,3,car (new),2538,1,5,4,3,1,4,3,47,3,own,2,unskilled - resident,2,1,1
1,2,15,1,car (new),1264,2,3,2,4,1,2,2,25,3,rent,1,skilled employee / official,1,1,1
1,2,30,4,radio/television,8386,1,4,2,3,1,2,2,49,3,own,1,skilled employee / official,1,1,1
1,4,48,2,business,4844,1,1,3,3,1,2,3,33,1,rent,1,management/ self-employed/ highly qualified employee/ officer,1,2,1
0,3,21,2,car (new),2923,2,3,1,2,1,1,3,28,1,own,1,management/ self-employed/ highly qualified employee/ officer,1,2,1
1,1,36,2,car (used),8229,1,3,2,3,1,2,2,26,3,own,1,skilled employee / official,2,1,1
0,4,24,4,radio/television,2028,1,4,2,3,1,2,2,30,3,own,2,unskilled - resident,1,1,1
0,1,15,4,radio/television,1433,1,3,4,2,1,3,2,25,3,rent,2,skilled employee / official,1,1,1
0,3,42,0,business,6289,1,2,2,1,1,1,2,33,3,own,2,skilled employee / official,1,1,1
0,4,13,2,domestic appliances,1409,2,1,2,2,1,4,1,64,3,own,1,skilled employee / official,1,1,1
0,1,24,2,car (used),6579,1,1,4,3,1,2,4,29,3,for free,1,management/ self-employed/ highly qualified employee/ officer,1,2,1
0,2,24,4,domestic appliances,1743,1,5,4,3,1,2,2,48,3,own,2,unskilled - resident,1,1,1
0,4,12,4,(vacation - does not exist?),3565,5,2,2,3,1,1,2,37,3,own,2,unskilled - resident,2,1,1
0,4,15,1,domestic appliances,1569,2,5,4,3,1,4,3,34,1,own,1,unskilled - resident,2,1,1
0,1,18,2,domestic appliances,1936,5,4,2,4,1,4,3,23,3,rent,2,unskilled - resident,1,1,1
0,1,36,2,radio/television,3959,1,1,4,3,1,3,2,30,3,own,1,management/ self-employed/ highly qualified employee/ officer,1,2,1
0,4,12,2,car (new),2390,5,5,4,3,1,3,3,50,3,own,1,skilled employee / official,1,2,1
0,4,12,2,radio/television,1736,1,4,3,2,1,4,1,31,3,own,1,unskilled - resident,1,1,1
0,1,30,2,car (used),3857,1,3,4,1,1,4,2,40,3,own,1,management/ self-employed/ highly qualified employee/ officer,1,2,1
0,4,12,2,domestic appliances,804,1,5,4,3,1,4,3,38,3,own,1,skilled employee / official,1,1,1
1,1,45,2,domestic appliances,1845,1,3,4,3,1,4,4,23,3,for free,1,skilled employee / official,1,2,1
0,2,45,4,car (used),4576,2,1,3,3,1,4,3,27,3,own,1,skilled employee / official,1,1,1
